city_date_key,city,country,forecast_date,avg_temperature_c,min_temperature_c,max_temperature_c,avg_humidity_pct,total_precipitation_mm,max_wind_speed_kmh,last_ingested_at
aa18d8fd2d9dfbe1f73307f60212d603,Albuquerque,US,2026-10-09,18.2,11.1,25.7,45.6,0.0,12.0,2026-10-09 17:49:40.937238
d1307cdccb774e98ee92b43dc58efcf3,Arlington,US,2026-10-09,25.1,18.2,32.4,49.8,0.0,10.5,2026-10-09 17:49:40.937238
15f70ce43f7181b53ca23e1dc865a360,Atlanta,US,2026-10-09,21.3,17.6,26.1,65.1,1.8,23.9,2026-10-09 17:49:40.937238
74566d794ff415a4cdebcf7c8130c45e,Austin,US,2026-10-09,25.9,19.5,32.9,48.8,0.0,12.9,2026-10-09 17:49:40.937238
b55f1916e65639a399cd5a1c0383b17a,Baltimore,US,2026-10-09,17.0,9.8,24.8,47.1,0.0,16.0,2026-10-09 17:49:40.937238
3e0903f751a518c24f177682c1d09067,Boston,US,2026-10-09,14.3,9.1,19.5,52.9,0.0,28.1,2026-10-09 17:49:40.937238
c1a54808658c0626142a9df68c5492cc,Charlotte,US,2026-10-09,20.6,15.0,26.7,51.8,0.0,17.6,2026-10-09 17:49:40.937238
e978d1f0c21eee88f13e1f0cd6b33d7c,Chicago,US,2026-10-09,15.1,10.7,20.4,67.7,0.0,14.9,2026-10-09 17:49:40.937238
f418f5661eac15565cd9a9d18bf3c6ff,Colorado Springs,US,2026-10-09,18.2,8.4,28.6,25.7,0.0,21.6,2026-10-09 17:49:40.937238
d80f426ddec8e590d88d7761390db2b2,Columbus,US,2026-10-09,15.5,7.2,24.1,57.7,0.0,9.7,2026-10-09 17:49:40.937238
32190663dc02e6134a69714c316767d0,Dallas,US,2026-10-09,25.0,18.2,31.8,49.6,0.0,10.8,2026-10-09 17:49:40.937238
0c18dc600cf81f36b007be43f84c1296,Denver,US,2026-10-09,20.7,10.4,30.8,21.1,0.0,23.0,2026-10-09 17:49:40.937238
506e8df42aa73f2978e3bf9416694176,Detroit,US,2026-10-09,13.5,5.6,21.6,53.9,0.0,14.5,2026-10-09 17:49:40.937238
3a98a1569298e61afd7d5d3c23295e46,El Paso,US,2026-10-09,22.5,16.2,28.6,43.6,0.0,16.3,2026-10-09 17:49:40.937238
72565f8fa9a44116f2d2747c99d1c8b2,Fort Worth,US,2026-10-09,24.4,18.1,32.0,55.4,0.0,9.5,2026-10-09 17:49:40.937238
1f20079669106605cb04010e950d810c,Fresno,US,2026-10-09,27.2,19.2,36.2,36.8,0.0,14.3,2026-10-09 17:49:40.937238
fafb99b7e5a37a06298b16d0dabd0e40,Houston,US,2026-10-09,24.6,18.6,32.3,55.2,0.0,14.8,2026-10-09 17:49:40.937238
1a64dce2b58bab33e5da08b7ac836eea,Indianapolis,US,2026-10-09,17.5,9.4,27.1,57.9,0.0,11.4,2026-10-09 17:49:40.937238
77b860968a1b94c885025623c64a1431,Jacksonville,US,2026-10-09,24.5,23.6,25.2,93.5,32.4,25.2,2026-10-09 17:49:40.937238
16704b6fa1fe1defcb302194a28ebd99,Kansas City,US,2026-10-09,23.2,15.4,31.2,54.2,0.0,20.0,2026-10-09 17:49:40.937238
659e8048ae2361535d139d1ed9a8d68b,Las Vegas,US,2026-10-09,28.5,22.1,36.1,16.5,0.0,18.7,2026-10-09 17:49:40.937238
2952f989e33e0befafdc9e1924e612c2,London,GB,2026-10-09,15.9,11.1,20.0,74.8,0.6,26.6,2026-10-09 17:49:40.937238
1a02644e306044519dc079bfa5ded080,Long Beach,US,2026-10-09,22.3,19.0,28.5,80.9,0.0,14.2,2026-10-09 17:49:40.937238
71adefeaa5bc8669e34a05a9a1c0d24c,Los Angeles,US,2026-10-09,23.0,19.4,30.2,76.9,0.0,13.9,2026-10-09 17:49:40.937238
d9990e0f5db44beea9bcd9e38eb19dc3,Louisville,US,2026-10-09,19.0,10.7,29.9,56.5,0.0,9.6,2026-10-09 17:49:40.937238
1cef568407cbafc8e47141dd34275719,Memphis,US,2026-10-09,24.1,18.2,32.1,52.5,0.0,16.1,2026-10-09 17:49:40.937238
208770c8b1036fccc1333d017d52e920,Mesa,US,2026-10-09,31.6,26.4,38.5,26.1,0.0,21.9,2026-10-09 17:49:40.937238
be41c2f6be581503258e9c1bb4e3b5d3,Miami,US,2026-10-09,28.0,25.9,30.2,82.5,0.0,23.5,2026-10-09 17:49:40.937238
4a8cb9c1a1a7647e79467e074c716377,Milwaukee,US,2026-10-09,13.6,9.1,18.2,73.7,0.0,13.3,2026-10-09 17:49:40.937238
b43f8e1e34888152584b30ae893e0507,Minneapolis,US,2026-10-09,15.1,7.7,22.7,60.8,0.0,21.1,2026-10-09 17:49:40.937238
30c273c7c46604cf057753d2424373ed,Nashville,US,2026-10-09,20.4,10.9,30.5,47.7,0.0,16.8,2026-10-09 17:49:40.937238
5911a34c011ca33cb9d4fcf994290ecb,New Orleans,US,2026-10-09,22.9,20.2,26.2,70.3,0.0,28.6,2026-10-09 17:49:40.937238
2e1403da0eb9da3fff75863ed2a657bc,New York,US,2026-10-09,16.1,10.8,22.7,52.1,0.0,22.3,2026-10-09 17:49:40.937238
52ba432731e00d3c7ec881e180098360,Oakland,US,2026-10-09,15.1,12.9,18.8,92.1,0.0,13.3,2026-10-09 17:49:40.937238
083bf795a4940cd65ad4fb08a23689c7,Oklahoma City,US,2026-10-09,23.5,15.7,31.7,47.3,0.0,15.9,2026-10-09 17:49:40.937238
c2def0ae2fbfffc05085e16ad7465132,Omaha,US,2026-10-09,22.9,17.9,30.4,58.0,0.0,16.1,2026-10-09 17:49:40.937238
cb316038a90bf365478b0cca7bd73bed,Philadelphia,US,2026-10-09,16.6,9.8,23.7,52.1,0.0,17.5,2026-10-09 17:49:40.937238
55a64b0447cad2dcfa1d93156b60e030,Phoenix,US,2026-10-09,32.5,26.7,39.0,25.2,0.0,21.1,2026-10-09 17:49:40.937238
7cd310a1b9a3ecc1679e8d2fe4017f37,Portland,US,2026-10-09,13.2,10.2,16.0,74.9,0.0,17.7,2026-10-09 17:49:40.937238
afaa670ca8b0183a1e6f11a4ebb90fe9,Raleigh,US,2026-10-09,21.3,16.1,27.7,49.6,0.0,14.6,2026-10-09 17:49:40.937238
7ca0895398a668eb46060d495bbb20af,Sacramento,US,2026-10-09,23.0,16.6,32.1,51.0,0.0,17.6,2026-10-09 17:49:40.937238
ce8f4350124430f85a77cf69160e77a7,San Antonio,US,2026-10-09,25.8,19.6,32.3,49.3,0.0,11.6,2026-10-09 17:49:40.937238
0d362a416c06cada8c709672249fa4ef,San Diego,US,2026-10-09,23.1,20.4,27.5,83.1,0.0,15.3,2026-10-09 17:49:40.937238
0a79b1f6a3954e7911ee7bdccb1fbe18,San Francisco,US,2026-10-09,14.5,12.3,17.6,91.6,0.0,21.9,2026-10-09 17:49:40.937238
b74b33e06308d5bb7cf9b6f6246304ee,San Jose,US,2026-10-09,18.9,14.7,24.8,73.1,0.0,13.7,2026-10-09 17:49:40.937238
2c7e0e0124fcc17bfb3f3099baab6419,Sao Paulo,BR,2026-10-09,23.4,19.0,31.1,78.6,2.7,10.9,2026-10-09 17:49:40.937238
b0f668cf1fa3e1b8477cd6fb7a499710,Seattle,US,2026-10-09,12.3,8.5,14.6,80.0,5.8,19.1,2026-10-09 17:49:40.937238
fc0c5eedd39baad90db979534fc2c1b6,Tampa,US,2026-10-09,26.2,23.8,30.0,89.1,6.8,19.3,2026-10-09 17:49:40.937238
14a5f0c1cb4d6bcf3917c93732662f16,Tucson,US,2026-10-09,29.7,24.8,36.1,26.9,0.0,26.1,2026-10-09 17:49:40.937238
735181d44eb53655cc368c9289f47aa4,Tulsa,US,2026-10-09,22.4,14.8,31.4,60.5,0.0,11.9,2026-10-09 17:49:40.937238
fbe70bb0136750dcbbda778370522693,Virginia Beach,US,2026-10-09,20.3,18.0,23.8,70.4,0.0,15.1,2026-10-09 17:49:40.937238
ac22033a8752aa76d3d99cdf3484567e,Washington,US,2026-10-09,17.1,9.8,24.9,51.0,0.0,14.4,2026-10-09 17:49:40.937238
752010696ff71e5a1252c1bc87fe88d8,Albuquerque,US,2026-10-10,18.5,12.0,26.5,46.9,0.0,21.7,2026-10-09 17:49:40.937238
04e98e9aef3c3f73cbce0843d603df10,Arlington,US,2026-10-10,24.7,18.6,30.9,45.3,0.0,12.2,2026-10-09 17:49:40.937238
a4df0dbccf5347430487c6b60b1184ce,Atlanta,US,2026-10-10,18.3,16.8,21.8,89.1,79.6,35.7,2026-10-09 17:49:40.937238
34b927039e4bd530bd68bfeb245b3802,Austin,US,2026-10-10,25.3,17.7,32.5,40.2,0.0,14.2,2026-10-09 17:49:40.937238
805c11a855b8f5fc26d76cde79d345fd,Baltimore,US,2026-10-10,17.0,11.7,23.1,50.2,0.0,13.8,2026-10-09 17:49:40.937238
05bfc0da4b909ef062b43ad7a91cdfb9,Boston,US,2026-10-10,11.3,6.3,16.8,49.6,0.0,17.2,2026-10-09 17:49:40.937238
4ce0a7b651ae78d098b1403e1a4f23f2,Charlotte,US,2026-10-10,17.6,16.2,19.1,78.6,8.3,30.4,2026-10-09 17:49:40.937238
176da8ab2f83ffad58df393b0acb6890,Chicago,US,2026-10-10,18.8,12.0,27.9,52.6,0.0,18.9,2026-10-09 17:49:40.937238
c173b549db52083e30a88bdd69591d9d,Colorado Springs,US,2026-10-10,18.4,10.4,26.3,25.7,0.0,19.6,2026-10-09 17:49:40.937238
f3d2c4ec9af6138435b71c671ac75144,Columbus,US,2026-10-10,18.1,12.0,25.2,55.8,0.0,18.6,2026-10-09 17:49:40.937238
fd10fad3bfb8ce296caad5f7ddf11abb,Dallas,US,2026-10-10,24.1,18.0,30.6,55.6,0.0,12.2,2026-10-09 17:49:40.937238
fd782069aff40e88d702a6659380470f,Denver,US,2026-10-10,20.6,14.7,28.0,24.0,0.0,24.7,2026-10-09 17:49:40.937238
0e6bf48b702642c5a10ce06182ba3d90,Detroit,US,2026-10-10,17.3,10.7,25.3,57.2,0.0,17.3,2026-10-09 17:49:40.937238
575e5858b4048eed1103e48cf3d79f9a,El Paso,US,2026-10-10,23.5,17.1,31.2,40.8,0.7,23.7,2026-10-09 17:49:40.937238
c862b64524d9e81fee6fad818be4ecb8,Fort Worth,US,2026-10-10,24.0,17.6,31.2,51.7,0.0,12.4,2026-10-09 17:49:40.937238
1188ffa8026799c17d27ffe13c620d20,Fresno,US,2026-10-10,21.3,15.0,26.4,46.0,0.0,16.8,2026-10-09 17:49:40.937238
f9d06645a45b2494dd71a070414e2807,Houston,US,2026-10-10,23.7,17.7,30.9,63.9,0.0,13.7,2026-10-09 17:49:40.937238
c05e10c30453248d964c2d0fea25e3e0,Indianapolis,US,2026-10-10,20.3,14.5,27.6,38.3,0.0,22.3,2026-10-09 17:49:40.937238
b9b53ce4428da48f41873c484734416a,Jacksonville,US,2026-10-10,26.2,24.5,29.0,88.4,0.0,19.2,2026-10-09 17:49:40.937238
3f8cf250a743f970cc5d9ce28f85931d,Kansas City,US,2026-10-10,23.6,16.2,31.7,46.5,0.0,17.9,2026-10-09 17:49:40.937238
19993191b6f06e0be4216aefdc78d0a1,Las Vegas,US,2026-10-10,25.1,20.6,32.7,36.6,4.7,36.1,2026-10-09 17:49:40.937238
c71342ef43348fb20757efe632592211,London,GB,2026-10-10,12.7,10.7,14.9,61.5,0.2,20.2,2026-10-09 17:49:40.937238
2e7ae5640802b15ebf5ee0cb3c495876,Long Beach,US,2026-10-10,21.2,19.2,23.2,83.2,0.7,14.8,2026-10-09 17:49:40.937238
5c20684e56108a16c70f1bac5c8c16da,Los Angeles,US,2026-10-10,21.4,18.4,24.2,78.5,0.0,14.2,2026-10-09 17:49:40.937238
9bb2b7525643798302a31d49d822d768,Louisville,US,2026-10-10,18.8,13.9,26.2,53.4,6.1,22.6,2026-10-09 17:49:40.937238
4b67b90200b608440e8ce8d98db15655,Memphis,US,2026-10-10,18.9,16.4,21.1,74.2,5.5,25.4,2026-10-09 17:49:40.937238
1af6b3861bbc57b1dc5bbafe06ace3a6,Mesa,US,2026-10-10,26.9,21.9,32.7,46.8,2.9,19.5,2026-10-09 17:49:40.937238
939e2319afa5bf944d4e09c4a1ef7b2a,Miami,US,2026-10-10,27.0,25.0,29.2,84.7,23.1,21.6,2026-10-09 17:49:40.937238
a5c0ec22df5f17ee37cebf6af6e82c35,Milwaukee,US,2026-10-10,18.4,12.0,27.0,62.0,0.0,19.2,2026-10-09 17:49:40.937238
709fb02c858996b631e9b58bd6580153,Minneapolis,US,2026-10-10,21.7,16.1,29.3,60.8,0.0,25.9,2026-10-09 17:49:40.937238
2792c9327c56b2caef2492756f75e2bc,Nashville,US,2026-10-10,17.8,17.1,19.7,69.2,4.7,24.7,2026-10-09 17:49:40.937238
88f8b4f1bff034984ddf6558d9ee1206,New Orleans,US,2026-10-10,20.5,18.3,24.1,73.0,1.1,20.6,2026-10-09 17:49:40.937238
6f374525fa6468ea1b53e0118226f8aa,New York,US,2026-10-10,14.5,9.2,21.1,58.3,0.0,10.9,2026-10-09 17:49:40.937238
301c8352ad6420d143fbac2d247fc53d,Oakland,US,2026-10-10,14.5,11.4,17.9,75.1,0.0,21.2,2026-10-09 17:49:40.937238
382bfc35be9245cfcad5b3649d18657f,Oklahoma City,US,2026-10-10,24.0,17.3,31.0,43.8,0.0,21.7,2026-10-09 17:49:40.937238
8b41b90776c2c81737e7e9bbf0f59f2c,Omaha,US,2026-10-10,22.6,16.7,29.5,51.6,0.0,27.4,2026-10-09 17:49:40.937238
1284c0c8065276d1daf2a1cac6e6db86,Philadelphia,US,2026-10-10,15.6,9.4,22.3,57.1,0.0,12.5,2026-10-09 17:49:40.937238
3041284c335ed0271af26acc8670d2c3,Phoenix,US,2026-10-10,26.5,21.8,31.1,50.5,6.2,17.4,2026-10-09 17:49:40.937238
929d0ca0a3d1bc172ea52e90f01c6ff0,Portland,US,2026-10-10,10.9,8.4,14.3,73.3,0.0,11.5,2026-10-09 17:49:40.937238
320c0d2652b2733a8861872a2720f4f6,Raleigh,US,2026-10-10,19.2,16.7,22.9,75.5,0.0,27.5,2026-10-09 17:49:40.937238
2afd31639bccb1c23916fa42d4c0f086,Sacramento,US,2026-10-10,17.4,13.5,23.4,58.3,0.0,22.2,2026-10-09 17:49:40.937238
0888c09393b10b64539e22692f4113d6,San Antonio,US,2026-10-10,24.7,17.3,31.8,48.5,0.0,15.8,2026-10-09 17:49:40.937238
538bd8745a50740739c5e28bbffb2e0f,San Diego,US,2026-10-10,21.7,19.9,23.7,81.3,5.0,15.3,2026-10-09 17:49:40.937238
c6094edf8d7dfd4193fc456d5082c489,San Francisco,US,2026-10-10,14.4,12.4,17.3,74.0,0.0,27.3,2026-10-09 17:49:40.937238
9509867d003ef08cf9510e1f02224c08,San Jose,US,2026-10-10,15.6,11.6,20.4,69.5,0.0,17.2,2026-10-09 17:49:40.937238
6a98786224736c00fabb3168ac492073,Sao Paulo,BR,2026-10-10,22.8,18.8,30.4,85.0,13.7,7.8,2026-10-09 17:49:40.937238
abc146923dca6e915dce8f9fc8261f8e,Seattle,US,2026-10-10,9.5,7.1,13.0,77.9,0.0,12.7,2026-10-09 17:49:40.937238
0d960e94e95b0a14e80ae4e50c0d6f25,Sydney,AU,2026-10-10,21.2,15.3,29.3,64.1,3.5,15.9,2026-10-09 17:49:40.937238
bcd91be39ffb63573604efa6549d59ca,Tampa,US,2026-10-10,25.5,24.2,28.2,91.3,39.6,18.0,2026-10-09 17:49:40.937238
0c198a43201d29b19e95c854f711612b,Tokyo,JP,2026-10-10,19.3,14.8,24.4,75.0,0.0,5.8,2026-10-09 17:49:40.937238
75769ca115a75b4f0bda1489d7c96d0a,Tucson,US,2026-10-10,27.0,23.0,33.7,40.3,0.0,35.2,2026-10-09 17:49:40.937238
f8cf94d0e507ddd4e0dfc3fe5e76c790,Tulsa,US,2026-10-10,23.6,16.1,31.6,46.5,0.0,17.2,2026-10-09 17:49:40.937238
138efb690ded6c2b707b307ba1b4048d,Virginia Beach,US,2026-10-10,20.6,18.8,22.5,70.7,0.0,28.2,2026-10-09 17:49:40.937238
d4801a43b38b946d565aadd1eeedc535,Washington,US,2026-10-10,17.6,12.4,23.8,53.9,0.0,15.0,2026-10-09 17:49:40.937238
1c7b958b3cda18f77a3b10712755ae1e,Albuquerque,US,2026-10-11,21.5,15.3,27.0,50.6,0.5,38.2,2026-10-09 17:49:40.937238
2eba0be19e1401b7227e27664e934a55,Arlington,US,2026-10-11,26.1,21.1,31.9,48.3,0.0,21.4,2026-10-09 17:49:40.937238
7abfcd15c3f2125e7953aa4529c7b7b8,Atlanta,US,2026-10-11,17.5,14.9,20.5,85.4,0.4,21.8,2026-10-09 17:49:40.937238
b3ad7778ce275f95dd33df7d0b25affd,Austin,US,2026-10-11,26.0,21.2,32.2,59.8,0.0,20.0,2026-10-09 17:49:40.937238
6700fa49862399cfd583c1461ed100e6,Baltimore,US,2026-10-11,16.9,15.8,17.8,92.9,29.43,22.7,2026-10-09 17:49:40.937238
9ccbf0492095f597b10bb36378fb497f,Boston,US,2026-10-11,12.1,5.0,17.3,60.0,1.6,14.7,2026-10-09 17:49:40.937238
cd46ac4e71a697210340774bc62138df,Charlotte,US,2026-10-11,19.8,16.6,23.1,88.3,4.33,24.9,2026-10-09 17:49:40.937238
ab4235bcaaa881e1b34362528f419fa3,Chicago,US,2026-10-11,19.1,14.2,23.4,62.8,0.0,13.2,2026-10-09 17:49:40.937238
7b3daee24dfa13b3b937fe1cc5fb0ec6,Colorado Springs,US,2026-10-11,20.7,15.0,26.4,33.8,0.0,30.6,2026-10-09 17:49:40.937238
8e47982d3b8e660084ef83fd90ff13df,Columbus,US,2026-10-11,15.9,13.9,17.9,89.0,22.11,19.3,2026-10-09 17:49:40.937238
6ceafd24097086b725f98db25d9a9f28,Dallas,US,2026-10-11,25.8,19.5,31.8,53.6,0.0,18.9,2026-10-09 17:49:40.937238
215b702c98a8d8dbfc73ba6716806d05,Denver,US,2026-10-11,21.2,15.7,27.0,31.4,0.0,23.6,2026-10-09 17:49:40.937238
176e9ecae9939168dbb4b66d708a4ea1,Detroit,US,2026-10-11,16.2,15.1,18.3,79.2,2.38,17.1,2026-10-09 17:49:40.937238
9cf3c938754bec61b098f992cebd6186,El Paso,US,2026-10-11,25.2,18.4,30.3,44.2,0.0,23.2,2026-10-09 17:49:40.937238
629c6d940a1020c2b762051cc09fde30,Fort Worth,US,2026-10-11,24.9,19.1,31.1,52.3,0.0,23.5,2026-10-09 17:49:40.937238
4d40c1f085f1dc8e52b1c800bcecc1c0,Fresno,US,2026-10-11,18.6,15.6,24.6,36.6,0.0,26.8,2026-10-09 17:49:40.937238
190c4f4cea3f3cd76a92349e5cb1b060,Houston,US,2026-10-11,26.2,20.9,32.4,57.1,0.0,21.5,2026-10-09 17:49:40.937238
d13fd749db2c27988a4732ea6239b5b5,Indianapolis,US,2026-10-11,17.8,15.2,21.3,82.1,4.33,21.8,2026-10-09 17:49:40.937238
62e1594682ce02b11b3453969ba0380b,Jacksonville,US,2026-10-11,27.0,24.4,31.6,68.3,0.0,22.7,2026-10-09 17:49:40.937238
969c4af83f26b7e33c0e5d8d98107900,Kansas City,US,2026-10-11,24.2,17.9,30.8,46.9,0.0,22.2,2026-10-09 17:49:40.937238
6d289459ccfd19c278bb78f1ba3ac275,Las Vegas,US,2026-10-11,21.1,17.9,23.4,60.8,27.13,56.3,2026-10-09 17:49:40.937238
a431044ec276dda91961be304f4a1f4c,London,GB,2026-10-11,12.6,9.5,15.4,65.4,0.0,13.0,2026-10-09 17:49:40.937238
2fd33746cd6e7c64059abd6b4106aad5,Long Beach,US,2026-10-11,20.1,18.4,21.8,67.3,6.18,33.5,2026-10-09 17:49:40.937238
de357b293cac561c6dc9412a447f6148,Los Angeles,US,2026-10-11,20.3,18.1,24.7,63.2,5.9,35.4,2026-10-09 17:49:40.937238
2a55d5e34e134aef7bc36ae01990146e,Louisville,US,2026-10-11,17.3,16.2,18.6,93.2,11.03,18.2,2026-10-09 17:49:40.937238
d175204974884db0f082cfb3fdfdb920,Memphis,US,2026-10-11,23.1,15.6,31.8,58.5,0.0,14.2,2026-10-09 17:49:40.937238
392c94f3d2bfcad1a97754bc009b6e59,Mesa,US,2026-10-11,25.1,21.5,29.6,55.3,6.07,37.2,2026-10-09 17:49:40.937238
541c0e9b847b41f252627c6143d7bf08,Miami,US,2026-10-11,28.9,26.6,30.9,73.3,0.23,19.6,2026-10-09 17:49:40.937238
8de8c620e489499625241dc2882339ab,Milwaukee,US,2026-10-11,17.5,14.0,20.6,68.9,0.0,13.9,2026-10-09 17:49:40.937238
985a176f93c33657c27367657801af38,Minneapolis,US,2026-10-11,24.0,18.5,30.0,44.6,0.0,19.5,2026-10-09 17:49:40.937238
44f6bc71b0feab03bc2302a9b64b54ea,Nashville,US,2026-10-11,18.1,16.8,20.5,92.5,4.43,13.4,2026-10-09 17:49:40.937238
b493bbf8f8cfa44205302dbd444bc2db,New Orleans,US,2026-10-11,23.3,15.8,29.9,53.8,0.0,10.9,2026-10-09 17:49:40.937238
c4c2e919ee55f9cdb89a2ece2b981911,New York,US,2026-10-11,14.7,9.5,17.6,83.6,16.5,24.9,2026-10-09 17:49:40.937238
e80803af1a336bd73a112b2ad561ffe8,Oakland,US,2026-10-11,14.0,9.7,19.9,66.3,0.0,13.6,2026-10-09 17:49:40.937238
8a7573410a7560dc0f520e2f7bea19f2,Oklahoma City,US,2026-10-11,24.6,18.9,31.1,47.1,0.0,34.2,2026-10-09 17:49:40.937238
4a125024d20396ee6b16c0eae23f77d1,Omaha,US,2026-10-11,23.0,17.1,29.8,49.8,0.0,27.7,2026-10-09 17:49:40.937238
d3df95abeee9748697f1e0eaff32d010,Philadelphia,US,2026-10-11,15.6,12.7,17.3,91.5,21.4,21.1,2026-10-09 17:49:40.937238
2a1d582467938ade1552fcb99962ed01,Phoenix,US,2026-10-11,25.5,21.5,30.0,55.6,4.03,37.2,2026-10-09 17:49:40.937238
e18249b570b5618fa963703896963120,Portland,US,2026-10-11,11.9,7.0,18.4,57.5,0.0,15.8,2026-10-09 17:49:40.937238
307afe582f593eb9b225e00451d61c74,Raleigh,US,2026-10-11,21.5,18.6,26.9,91.2,4.38,20.0,2026-10-09 17:49:40.937238
5965c80e9fa7c5c22dfab6a94b68a95b,Sacramento,US,2026-10-11,16.2,10.8,22.7,49.5,0.0,12.6,2026-10-09 17:49:40.937238
7069de1f021d3ee355a930152a908ac5,San Antonio,US,2026-10-11,25.2,20.6,31.3,65.4,0.0,26.0,2026-10-09 17:49:40.937238
727ce1f89225bd80fb1b8f7727407b3f,San Diego,US,2026-10-11,19.8,18.2,21.1,75.8,28.46,50.4,2026-10-09 17:49:40.937238
f083358ff649ddd4a993e12a98400486,San Francisco,US,2026-10-11,14.2,11.6,17.8,65.5,0.0,17.4,2026-10-09 17:49:40.937238
b8bc5ad0e3cf66765f0d519ad38fadfa,San Jose,US,2026-10-11,15.0,10.0,22.3,60.5,0.0,12.1,2026-10-09 17:49:40.937238
8d5c198926c0568451c773e6685eeba6,Sao Paulo,BR,2026-10-11,20.9,18.5,25.5,89.5,9.7,12.6,2026-10-09 17:49:40.937238
9dec664fcd32dd2ca13c81cebe581a8d,Seattle,US,2026-10-11,9.8,6.9,14.8,64.1,0.0,14.8,2026-10-09 17:49:40.937238
d9e637ee93c95543517a7e1e0c7ac21a,Sydney,AU,2026-10-11,20.2,17.4,23.4,81.2,0.8,17.1,2026-10-09 17:49:40.937238
d7d674e9f7afa740ee2f63963bf82d7f,Tampa,US,2026-10-11,26.6,24.5,29.3,79.6,3.8,16.4,2026-10-09 17:49:40.937238
c19502ec05595033e1bd42d480c08406,Tokyo,JP,2026-10-11,19.9,14.9,25.3,74.8,0.0,4.3,2026-10-09 17:49:40.937238
69475da7de165a349082af9d2a2d69e5,Tucson,US,2026-10-11,24.7,22.6,27.3,50.9,2.2,38.4,2026-10-09 17:49:40.937238
ffc2a308695731f2d83b202fc0fbd5bc,Tulsa,US,2026-10-11,24.9,17.4,32.4,48.7,0.0,25.8,2026-10-09 17:49:40.937238
b5ad47b18ab8c492a36c5aa96a928a3f,Virginia Beach,US,2026-10-11,21.5,19.9,23.2,93.2,72.92,54.7,2026-10-09 17:49:40.937238
fe702dc01534217ceae2c309c6ecd213,Washington,US,2026-10-11,17.4,16.3,18.3,93.2,39.11,20.6,2026-10-09 17:49:40.937238
89a998dff2db758c9ed56f087430f63e,Albuquerque,US,2026-10-12,21.3,17.4,24.5,47.4,0.0,23.1,2026-10-09 17:49:40.937238
aaadb8b69746f6a50ed2ada37ec5ef60,Arlington,US,2026-10-12,26.7,21.5,32.3,57.1,0.0,22.9,2026-10-09 17:49:40.937238
353a70d9dd79c149c846872b323502fb,Atlanta,US,2026-10-12,22.1,16.8,29.1,64.0,0.0,16.8,2026-10-09 17:49:40.937238
9d37981a43da6c44ad81afcccf2ee5de,Austin,US,2026-10-12,26.4,22.7,31.4,69.3,0.2,17.9,2026-10-09 17:49:40.937238
ba6129a2ee5ce40b67d5e0bd245bede2,Baltimore,US,2026-10-12,18.2,16.7,21.4,85.5,1.2,17.3,2026-10-09 17:49:40.937238
fd892d6e7b1a38012a7c9e3b671bf861,Boston,US,2026-10-12,14.8,13.2,18.1,89.3,17.3,22.4,2026-10-09 17:49:40.937238
3e89e1ad5ca0febc5064e69db0083001,Charlotte,US,2026-10-12,20.1,15.5,26.3,71.0,0.0,11.6,2026-10-09 17:49:40.937238
f30aa19a1815414e0458d6e884b28f94,Chicago,US,2026-10-12,22.9,18.8,29.0,56.2,1.2,26.0,2026-10-09 17:49:40.937238
a5fcd2052e070eeb1ac26e3675284307,Colorado Springs,US,2026-10-12,20.5,15.4,26.4,27.5,0.0,15.5,2026-10-09 17:49:40.937238
3a0b4045051d51cb2911222802807ea7,Columbus,US,2026-10-12,19.6,14.7,26.0,73.5,0.0,10.7,2026-10-09 17:49:40.937238
7e82f7f038812daf7c358179aad1ac8d,Dallas,US,2026-10-12,26.7,21.9,31.8,58.0,0.0,18.8,2026-10-09 17:49:40.937238
a5739fdcbb05013a145b2e230d3d2009,Denver,US,2026-10-12,20.5,15.9,25.4,33.1,0.0,19.2,2026-10-09 17:49:40.937238
4a31c76f70ded96c2fe0fff93ac704ce,Detroit,US,2026-10-12,19.8,14.5,26.1,72.1,0.1,18.7,2026-10-09 17:49:40.937238
1b21a41101176c51390db6400defac11,El Paso,US,2026-10-12,25.5,22.3,28.2,43.5,0.0,25.1,2026-10-09 17:49:40.937238
5ae9f87206a30ac4136cd6c36325cf24,Fort Worth,US,2026-10-12,26.0,20.8,31.8,60.5,0.0,25.2,2026-10-09 17:49:40.937238
d561eda377fbae90377bb7cd32c8ff1e,Fresno,US,2026-10-12,19.1,15.5,23.6,41.0,0.1,14.8,2026-10-09 17:49:40.937238
18a21bc4d02ef1616ddc79051d500bd0,Houston,US,2026-10-12,27.3,24.5,30.8,67.8,0.3,18.4,2026-10-09 17:49:40.937238
d7533fa88a2724e5688433c2ff518584,Indianapolis,US,2026-10-12,22.2,15.8,30.5,62.5,0.0,17.9,2026-10-09 17:49:40.937238
e996866f5806b7e6d60a93d75ae6778f,Jacksonville,US,2026-10-12,26.1,20.7,32.2,51.2,0.0,16.4,2026-10-09 17:49:40.937238
85c3379a759a7a48b78c1137ff8a72c1,Kansas City,US,2026-10-12,26.8,22.5,32.2,45.6,0.0,27.9,2026-10-09 17:49:40.937238
88efaa6c1725e4fe1ecbf1538953fe09,Las Vegas,US,2026-10-12,20.5,17.3,23.9,45.7,1.4,41.7,2026-10-09 17:49:40.937238
f17f31a7b5077693d01e3486fcfb0ef7,London,GB,2026-10-12,16.6,14.3,18.7,86.6,2.7,17.3,2026-10-09 17:49:40.937238
d0a8951ac75e3bbe24991118d953dafd,Long Beach,US,2026-10-12,18.8,17.7,20.3,56.5,2.2,18.6,2026-10-09 17:49:40.937238
d65227adb7e6df391087e8b66bc616e7,Los Angeles,US,2026-10-12,18.3,16.9,20.2,56.2,7.6,17.4,2026-10-09 17:49:40.937238
8bcdd9d395baf942c12713836e8ede6f,Louisville,US,2026-10-12,21.5,15.7,29.7,70.8,0.0,14.1,2026-10-09 17:49:40.937238
c5ee70abcfc5572be026ca605bcfd8e8,Memphis,US,2026-10-12,27.1,20.9,34.1,35.4,0.0,17.7,2026-10-09 17:49:40.937238
17e01dacbaa2ae51c3401b510b253841,Mesa,US,2026-10-12,25.6,23.0,29.1,44.9,1.4,32.9,2026-10-09 17:49:40.937238
561c3bfad687084e35d8feae4004c62b,Miami,US,2026-10-12,29.1,28.1,30.4,69.7,0.0,23.2,2026-10-09 17:49:40.937238
6bd7326801887cf330d2d72a352c35f3,Milwaukee,US,2026-10-12,20.7,17.4,25.4,69.0,2.9,24.7,2026-10-09 17:49:40.937238
6f49963c90407400100d3e522c26e34e,Minneapolis,US,2026-10-12,19.2,14.9,23.7,62.2,0.0,15.5,2026-10-09 17:49:40.937238
6e49257df1af9b5265b7548ddd1d7dd9,Nashville,US,2026-10-12,22.3,16.6,30.3,63.2,0.0,10.7,2026-10-09 17:49:40.937238
f5bfb2af5488106506dfe56cddc40bfb,New Orleans,US,2026-10-12,26.7,22.4,33.4,47.6,0.0,15.3,2026-10-09 17:49:40.937238
145122f381ffb66169746bcbbea8166b,New York,US,2026-10-12,17.7,14.8,21.9,77.5,0.7,20.6,2026-10-09 17:49:40.937238
4abcc39d02762d5acb87617aa675c51d,Oakland,US,2026-10-12,15.8,9.5,23.5,58.3,0.0,18.4,2026-10-09 17:49:40.937238
602e742a647c21db408346cc007a8906,Oklahoma City,US,2026-10-12,25.6,20.7,31.3,51.8,0.0,33.3,2026-10-09 17:49:40.937238
a7dff2b388586e6bd10c865595917141,Omaha,US,2026-10-12,22.7,18.3,28.7,58.4,0.0,25.9,2026-10-09 17:49:40.937238
6bdef17b36e269cc570062314b4a3d37,Philadelphia,US,2026-10-12,17.9,14.9,21.9,81.5,0.1,14.0,2026-10-09 17:49:40.937238
0b09fced07ab1d166bc341aee2d0d265,Phoenix,US,2026-10-12,26.1,23.3,29.0,43.8,1.8,30.1,2026-10-09 17:49:40.937238
ce086aa4eef03a12c60d693384c3abcd,Portland,US,2026-10-12,13.4,7.9,20.3,44.1,0.0,5.2,2026-10-09 17:49:40.937238
c407e1434a73a3bd61835dd970544969,Raleigh,US,2026-10-12,21.3,17.1,26.7,69.5,0.0,20.5,2026-10-09 17:49:40.937238
59af82a4057bd5a5456384aec9e9f92d,Sacramento,US,2026-10-12,18.4,13.7,23.9,40.3,0.0,21.1,2026-10-09 17:49:40.937238
5ce40c2284120576d9b556ffd736a387,San Antonio,US,2026-10-12,26.7,21.3,33.4,68.5,0.0,17.2,2026-10-09 17:49:40.937238
4e540cff40b9351ccb6e45242517bc3f,San Diego,US,2026-10-12,18.6,18.2,19.1,66.0,1.9,15.4,2026-10-09 17:49:40.937238
c79092ea3fe229a33443d7b743aa1601,San Francisco,US,2026-10-12,16.3,13.6,21.2,55.6,0.0,20.9,2026-10-09 17:49:40.937238
223e07d4c6eb4a95269f9b1219324d6d,San Jose,US,2026-10-12,17.3,12.1,24.6,47.1,0.0,19.2,2026-10-09 17:49:40.937238
e1ef05c0eec5dcd59f0303e84d0adf77,Sao Paulo,BR,2026-10-12,20.5,18.2,25.5,89.0,16.7,8.6,2026-10-09 17:49:40.937238
be06c667ba6ed4175e009486eb9fff49,Seattle,US,2026-10-12,10.8,5.6,18.0,56.5,0.0,5.8,2026-10-09 17:49:40.937238
a4c846c5a515db21067791b6f3ab550c,Sydney,AU,2026-10-12,24.8,16.5,34.8,57.3,2.3,17.7,2026-10-09 17:49:40.937238
4514230874c9137fbf38fd55546f2333,Tampa,US,2026-10-12,26.2,22.7,30.9,58.2,0.0,18.1,2026-10-09 17:49:40.937238
efc832bc0d06d7dadf2c8f76f140dc41,Tokyo,JP,2026-10-12,20.2,16.8,24.6,78.0,0.0,4.9,2026-10-09 17:49:40.937238
b04c8832d8a7a4c42a4d3a127dc2ac2b,Tucson,US,2026-10-12,24.8,21.9,28.6,44.5,0.0,29.4,2026-10-09 17:49:40.937238
65b09d2e379c536bebfe63224ef60dd0,Tulsa,US,2026-10-12,27.0,22.5,32.4,43.5,0.0,26.0,2026-10-09 17:49:40.937238
45a7af10c26b7246ee4fc7d3370ee743,Virginia Beach,US,2026-10-12,20.2,18.7,22.5,85.7,0.8,31.7,2026-10-09 17:49:40.937238
747f8bdb037d10152bab529639069d64,Washington,US,2026-10-12,17.9,16.5,20.9,89.5,3.0,15.3,2026-10-09 17:49:40.937238
271521f7c72ebcd4f6e8b7a20aa77008,Albuquerque,US,2026-10-13,22.0,18.9,26.1,40.5,0.0,18.6,2026-10-09 17:49:40.937238
c3692b65267509f3bfcba5d1a74ff8d8,Arlington,US,2026-10-13,28.4,24.7,32.7,64.8,0.0,18.4,2026-10-09 17:49:40.937238
cabf489166ea0c4a1be43aa294bd42d2,Atlanta,US,2026-10-13,24.3,19.0,30.6,52.1,0.0,15.7,2026-10-09 17:49:40.937238
ea516f12c969640ca3b7933262405f09,Austin,US,2026-10-13,27.7,24.0,32.2,73.0,0.0,14.6,2026-10-09 17:49:40.937238
0141a899144e0c3b8f28c7b407bf3a31,Baltimore,US,2026-10-13,21.4,15.8,28.3,67.7,1.5,17.4,2026-10-09 17:49:40.937238
a0b3470a221fd5525dfb47371627ecff,Boston,US,2026-10-13,17.2,13.3,22.6,81.1,1.8,26.8,2026-10-09 17:49:40.937238
29fa2c606531843fc939d83b26c3e8bd,Charlotte,US,2026-10-13,21.8,16.4,29.3,62.8,0.0,13.0,2026-10-09 17:49:40.937238
c547db4021934b84fe055112c5982447,Chicago,US,2026-10-13,16.7,13.6,21.3,75.5,0.1,19.5,2026-10-09 17:49:40.937238
dba1abefbf89c361e3f8f3b4a479877b,Colorado Springs,US,2026-10-13,18.3,15.1,23.0,33.6,0.0,29.2,2026-10-09 17:49:40.937238
b5ae1b7b1d06b90ae03312e69514a1e7,Columbus,US,2026-10-13,21.8,18.7,27.1,65.5,1.2,17.4,2026-10-09 17:49:40.937238
f4729f9da65eb40c475dd77af81591a4,Dallas,US,2026-10-13,28.6,25.1,33.6,65.9,0.0,17.3,2026-10-09 17:49:40.937238
0d034dd49c50dc944e95928ac133c541,Denver,US,2026-10-13,19.3,15.4,24.2,37.3,0.0,17.9,2026-10-09 17:49:40.937238
ff1d448068a7e695da8144e77b1a65e1,Detroit,US,2026-10-13,18.8,13.2,22.2,71.9,5.5,18.6,2026-10-09 17:49:40.937238
d05bdef66c8311b7d8adbbbb679e2d86,El Paso,US,2026-10-13,25.9,23.0,29.1,41.7,0.2,25.8,2026-10-09 17:49:40.937238
0cf58b07a5f40b5a166dc73d9e9645f9,Fort Worth,US,2026-10-13,27.9,24.1,31.8,67.6,0.0,19.8,2026-10-09 17:49:40.937238
aa07e503d5ab14522af8ad4cd5d09e90,Fresno,US,2026-10-13,19.5,14.9,24.3,44.6,0.0,12.1,2026-10-09 17:49:40.937238
738af57be877baef0ee0f91ba8674806,Houston,US,2026-10-13,28.7,25.4,33.6,72.2,0.8,17.4,2026-10-09 17:49:40.937238
fc1cd1f1481de6acf947c099f27d1b58,Indianapolis,US,2026-10-13,22.2,15.7,27.8,58.6,0.7,17.2,2026-10-09 17:49:40.937238
d7901599f9132051b56a4444f3290537,Jacksonville,US,2026-10-13,27.0,21.6,33.4,47.1,0.0,9.4,2026-10-09 17:49:40.937238
8e4e18a3784a406f8c43c7dbc8a5d8de,Kansas City,US,2026-10-13,23.0,19.0,26.9,63.2,1.3,19.5,2026-10-09 17:49:40.937238
702c9137ca7b6c8fdaad0dc1c7905cd4,Las Vegas,US,2026-10-13,16.5,15.0,18.4,64.2,27.0,15.0,2026-10-09 17:49:40.937238
60169651f3f9e93ae00d6c6ca66adcb3,London,GB,2026-10-13,18.9,15.5,20.9,75.5,0.9,23.4,2026-10-09 17:49:40.937238
b935d27b3511cb54bf6c89e613eeb741,Long Beach,US,2026-10-13,19.7,17.9,21.4,51.7,0.1,21.5,2026-10-09 17:49:40.937238
96c92656fb39e2d6eec290cc58bdcccf,Los Angeles,US,2026-10-13,19.3,17.2,21.4,50.6,1.1,19.8,2026-10-09 17:49:40.937238
1d0d80e0df7bc978945959fa282af500,Louisville,US,2026-10-13,24.4,19.8,31.0,52.7,0.0,18.4,2026-10-09 17:49:40.937238
63ae230e5b6bc305146f0e9ac6985d7c,Memphis,US,2026-10-13,28.0,21.8,34.6,38.7,0.0,14.2,2026-10-09 17:49:40.937238
e3ed230d6018f31a084645e22c126e4e,Mesa,US,2026-10-13,21.5,19.9,23.4,57.4,11.0,22.8,2026-10-09 17:49:40.937238
9d12a96a72a73a443baac6298a1f5a97,Miami,US,2026-10-13,28.3,27.3,29.5,60.0,0.0,26.6,2026-10-09 17:49:40.937238
fd66b00e855d86befaa5499be5a7d24c,Milwaukee,US,2026-10-13,15.1,12.9,19.0,73.0,0.5,20.2,2026-10-09 17:49:40.937238
9920569a85d0a3e5206ea9ef68237f2d,Minneapolis,US,2026-10-13,12.2,10.7,14.1,62.1,0.0,15.6,2026-10-09 17:49:40.937238
bf24d61f5b444321b1e1495e4d119529,Nashville,US,2026-10-13,24.2,18.4,30.7,50.8,0.0,14.4,2026-10-09 17:49:40.937238
9a0895df7f69dc23692c758b2c0de81b,New Orleans,US,2026-10-13,27.0,22.6,33.5,53.8,0.0,11.6,2026-10-09 17:49:40.937238
0a34253d12a0443fe919cc05c9a2bc8d,New York,US,2026-10-13,19.6,15.9,24.4,71.7,3.0,22.4,2026-10-09 17:49:40.937238
3ff04e618b714d1f40a787f43cfeab31,Oakland,US,2026-10-13,14.9,11.7,19.9,72.2,0.0,15.0,2026-10-09 17:49:40.937238
4c03ff100e3e6a1c8157307bf96a479e,Oklahoma City,US,2026-10-13,28.0,22.8,34.7,58.4,0.0,27.0,2026-10-09 17:49:40.937238
8de4170b1b753736db8f3b45ce5e2ea1,Omaha,US,2026-10-13,15.7,12.0,19.6,66.3,0.0,22.9,2026-10-09 17:49:40.937238
d9869c827d03e3e22684990fa67778af,Philadelphia,US,2026-10-13,20.3,15.4,26.8,72.3,4.4,20.5,2026-10-09 17:49:40.937238
fd4c1cacdcf9c1f967d78b8bae30ff41,Phoenix,US,2026-10-13,21.9,20.6,24.3,54.2,10.6,23.8,2026-10-09 17:49:40.937238
e293a30514aed0463bd6621412845d35,Portland,US,2026-10-13,14.4,10.1,20.3,42.3,0.0,4.9,2026-10-09 17:49:40.937238
5f1f9373404b61bae7a5d78fa288e4d2,Raleigh,US,2026-10-13,22.6,17.0,29.3,63.9,0.0,12.6,2026-10-09 17:49:40.937238
0ec3b6b8a537a546d0cec2f2fb57b3f5,Sacramento,US,2026-10-13,18.5,13.7,25.7,36.6,0.0,12.5,2026-10-09 17:49:40.937238
56f65c127318500408c77aa36b70623f,San Antonio,US,2026-10-13,28.1,23.4,34.3,69.9,0.0,20.4,2026-10-09 17:49:40.937238
d15dfd9ff0a3d5c4c8c1d172eec12294,San Diego,US,2026-10-13,19.1,17.3,20.7,57.5,3.1,19.6,2026-10-09 17:49:40.937238
cbe15bc5d9ddb752d409bee8db7c88a6,San Francisco,US,2026-10-13,15.8,14.1,18.7,70.9,0.0,19.5,2026-10-09 17:49:40.937238
c683eee6c0488b35fef4ea69d845c508,San Jose,US,2026-10-13,17.6,13.2,23.6,48.1,0.0,15.9,2026-10-09 17:49:40.937238
8e902588ade78313a982a39f83a74c1b,Sao Paulo,BR,2026-10-13,22.5,18.3,28.0,78.7,3.3,15.0,2026-10-09 17:49:40.937238
5de69c1c29fe5eb6333e165aaf56839a,Seattle,US,2026-10-13,12.6,8.2,18.7,49.3,0.0,4.0,2026-10-09 17:49:40.937238
5aab3f89894ef6ec5694138ac0c097c4,Sydney,AU,2026-10-13,17.9,15.9,21.9,87.5,24.7,23.0,2026-10-09 17:49:40.937238
7becae90d7f040631e8230c38a1e5e83,Tampa,US,2026-10-13,25.5,20.8,31.2,56.1,0.0,14.8,2026-10-09 17:49:40.937238
3f9988c90a9b3b9e0de7d69be8e7dae3,Tokyo,JP,2026-10-13,20.9,16.0,25.7,74.6,0.0,8.8,2026-10-09 17:49:40.937238
7a108c17f0f64e18502f9cfd3319389b,Tucson,US,2026-10-13,23.1,18.5,26.9,51.9,3.6,39.2,2026-10-09 17:49:40.937238
88cbc1637a2f7000071e75a8a26c8541,Tulsa,US,2026-10-13,28.8,22.5,35.7,56.8,3.2,20.2,2026-10-09 17:49:40.937238
e317ca5bacee9458226ce5d903e1fd82,Virginia Beach,US,2026-10-13,21.5,18.5,25.3,71.5,0.0,21.6,2026-10-09 17:49:40.937238
0d67b38fb6caedf0cde1952bf0e98c8a,Washington,US,2026-10-13,21.3,15.3,28.5,68.4,0.0,15.8,2026-10-09 17:49:40.937238
81f949e35cb326cc8ee7bc42de78dfb9,Albuquerque,US,2026-10-14,18.2,15.9,20.6,38.3,0.0,46.3,2026-10-09 17:49:40.937238
7085e603c0348a42ddeb9c88e30fc715,Arlington,US,2026-10-14,28.9,25.4,33.3,62.5,0.0,19.8,2026-10-09 17:49:40.937238
dfd94f0a8fc191a3322caa45bbc89869,Atlanta,US,2026-10-14,26.0,20.6,32.4,50.1,0.0,11.1,2026-10-09 17:49:40.937238
edac448636d6bc67c41b851b291ab318,Austin,US,2026-10-14,27.4,24.6,31.6,74.7,0.3,17.2,2026-10-09 17:49:40.937238
27d0d9d83656f3b1a39aac0aad488d57,Baltimore,US,2026-10-14,16.2,12.7,20.7,59.2,0.1,21.5,2026-10-09 17:49:40.937238
c8342d69698a56d284b3b78b33636dad,Boston,US,2026-10-14,12.6,8.7,17.6,64.0,0.0,28.7,2026-10-09 17:49:40.937238
4b1607c98e84ca0844a38287a2584a98,Charlotte,US,2026-10-14,22.6,18.8,27.4,58.3,0.0,8.8,2026-10-09 17:49:40.937238
91af1f9d5eddfe4f9e8a4c43ea7dd341,Chicago,US,2026-10-14,13.1,12.6,13.8,64.0,0.0,17.2,2026-10-09 17:49:40.937238
679d513601f79da1ccff8a661f72c4cc,Colorado Springs,US,2026-10-14,16.0,12.0,21.3,47.7,0.0,27.1,2026-10-09 17:49:40.937238
6a2741a225afd986ec543fefde3a3d7f,Columbus,US,2026-10-14,15.0,11.5,18.3,60.9,0.0,14.2,2026-10-09 17:49:40.937238
2cd5ed66a0a37a9ae55529d096842903,Dallas,US,2026-10-14,29.1,25.9,32.5,63.3,0.0,16.1,2026-10-09 17:49:40.937238
2766a84770667cb675a62d99d968c2f6,Denver,US,2026-10-14,18.1,14.3,25.0,37.5,0.0,25.5,2026-10-09 17:49:40.937238
051456fb4aa581c603e1f0a8aa5253ad,Detroit,US,2026-10-14,12.8,10.1,16.3,51.2,0.0,18.3,2026-10-09 17:49:40.937238
3237900c9efbc1f196e73e0bbe98513f,El Paso,US,2026-10-14,23.2,20.6,26.2,39.8,0.0,32.7,2026-10-09 17:49:40.937238
119067fb5a5ffa76bc1a1e2c17a195f6,Fort Worth,US,2026-10-14,28.1,24.9,31.5,66.6,0.0,21.7,2026-10-09 17:49:40.937238
0b779baf28ff4498c3e8ffbc64de78a1,Fresno,US,2026-10-14,20.9,15.9,26.0,32.0,0.0,8.1,2026-10-09 17:49:40.937238
972c01bfd7f6e87a1bdb0247f1ebd854,Houston,US,2026-10-14,28.5,25.7,32.4,70.4,0.6,17.1,2026-10-09 17:49:40.937238
52e377ba778fecca6f7d639e5fb84e33,Indianapolis,US,2026-10-14,15.8,11.0,20.4,58.7,0.0,15.4,2026-10-09 17:49:40.937238
20973c4ec12255ab22282b5fc80b8e3c,Jacksonville,US,2026-10-14,27.9,22.7,34.9,46.3,0.0,10.7,2026-10-09 17:49:40.937238
fddbb790b983052f501c800bded2b602,Kansas City,US,2026-10-14,17.8,16.1,20.4,89.9,33.3,18.9,2026-10-09 17:49:40.937238
8f7580446c36c857685472515f71605d,Las Vegas,US,2026-10-14,20.2,16.8,23.7,43.7,0.0,13.4,2026-10-09 17:49:40.937238
4b8efbd98deda79271b260a476e3ff15,London,GB,2026-10-14,15.4,11.5,19.7,74.7,0.0,17.6,2026-10-09 17:49:40.937238
502548867763773fb09dd6bcd55207b2,Long Beach,US,2026-10-14,21.2,19.4,23.8,58.9,0.0,19.1,2026-10-09 17:49:40.937238
05d3ee7fe8ed2d642b3ebdb29875faf6,Los Angeles,US,2026-10-14,20.9,18.6,24.6,54.4,0.0,20.9,2026-10-09 17:49:40.937238
89324b8e16bf4eace57ea95251ee4ace,Louisville,US,2026-10-14,18.8,12.7,24.9,58.3,0.0,12.5,2026-10-09 17:49:40.937238
ebcfbf3ca75fec09933acf31dfa0e572,Memphis,US,2026-10-14,30.3,24.9,36.2,43.8,0.0,11.6,2026-10-09 17:49:40.937238
d27e42fd3a7f0b834ab83c6cfe84a6a3,Mesa,US,2026-10-14,21.6,18.6,24.8,36.0,0.0,20.5,2026-10-09 17:49:40.937238
71ae4c0230ef6aee014974181ff02bc6,Miami,US,2026-10-14,28.2,27.4,29.5,56.6,0.2,22.7,2026-10-09 17:49:40.937238
0a19d4c5decd50422e80b28479264a31,Milwaukee,US,2026-10-14,12.1,11.5,12.6,67.9,0.0,18.1,2026-10-09 17:49:40.937238
9981bafdc3339a8f8ba7b082c45a2cfd,Minneapolis,US,2026-10-14,12.8,8.9,17.5,57.1,0.0,13.2,2026-10-09 17:49:40.937238
6a1bafcaed7157edcfa40548819377c9,Nashville,US,2026-10-14,24.1,19.7,29.2,61.0,0.2,11.7,2026-10-09 17:49:40.937238
de2e8d7ac40eed8e82b98b42869510a0,New Orleans,US,2026-10-14,27.3,22.5,33.5,47.5,0.0,8.8,2026-10-09 17:49:40.937238
e9a4180775a0400458c851dc6234256f,New York,US,2026-10-14,15.3,12.5,19.3,56.0,0.2,29.5,2026-10-09 17:49:40.937238
0c8a2e4279b141f484d8d61172b6a60f,Oakland,US,2026-10-14,15.3,10.9,22.1,69.2,0.0,11.1,2026-10-09 17:49:40.937238
1c326ca492b1288662842243835a9aed,Oklahoma City,US,2026-10-14,26.5,22.0,32.7,67.9,8.4,25.5,2026-10-09 17:49:40.937238
ca1bb94611d428a6bcb9b02fecb0af34,Omaha,US,2026-10-14,13.8,12.9,14.6,82.8,2.5,21.9,2026-10-09 17:49:40.937238
91475404ec890bbf1b5e8c0d2eceaed4,Philadelphia,US,2026-10-14,15.3,11.5,19.9,58.1,0.0,20.3,2026-10-09 17:49:40.937238
4773b19d24256336ab5138203c65c9a1,Phoenix,US,2026-10-14,22.4,19.9,25.1,31.0,0.0,14.0,2026-10-09 17:49:40.937238
2c78eb04db9bfb0e5b2d6bd6be60df37,Portland,US,2026-10-14,12.5,11.4,13.7,60.8,0.6,5.1,2026-10-09 17:49:40.937238
23d792e47086fa385aec4fe139f5b141,Raleigh,US,2026-10-14,22.3,17.3,26.4,57.5,0.0,13.7,2026-10-09 17:49:40.937238
0f70ae66b0e74e68de9b34d952f82b2c,Sacramento,US,2026-10-14,17.6,11.9,24.1,49.6,0.0,10.8,2026-10-09 17:49:40.937238
6e3b3fa3538403587e167fbae6a9f5fc,San Antonio,US,2026-10-14,27.2,23.7,31.1,75.4,0.3,20.2,2026-10-09 17:49:40.937238
802044d569db5423046090d69394bf27,San Diego,US,2026-10-14,20.7,19.1,22.5,58.1,0.0,16.1,2026-10-09 17:49:40.937238
9bd96dc8bd2bc80e5a93407542b7df39,San Francisco,US,2026-10-14,16.3,13.3,20.3,66.2,0.0,9.8,2026-10-09 17:49:40.937238
e086d4a75409cabe57f226723b0da014,San Jose,US,2026-10-14,17.6,12.5,24.1,46.8,0.0,11.5,2026-10-09 17:49:40.937238
fde71fbcb192cd34a39e634813761578,Sao Paulo,BR,2026-10-14,22.2,19.7,28.4,82.9,5.0,10.7,2026-10-09 17:49:40.937238
25825c0f59ddb59776afb9145cd844b7,Seattle,US,2026-10-14,12.2,10.0,14.4,80.9,2.4,8.8,2026-10-09 17:49:40.937238
1dcfffa2126c9164311748d70182fd4d,Sydney,AU,2026-10-14,15.2,14.1,16.5,67.9,1.5,24.9,2026-10-09 17:49:40.937238
f29b51b7d2b91980429d4dc9645951ec,Tampa,US,2026-10-14,26.4,21.9,31.7,55.8,0.0,10.4,2026-10-09 17:49:40.937238
e87be444594f5f1a9658a39e6c040e1e,Tokyo,JP,2026-10-14,22.4,19.3,26.7,82.5,1.5,19.4,2026-10-09 17:49:40.937238
600d4c0d1be97007a34b6a18c5ef96a8,Tucson,US,2026-10-14,20.1,17.6,23.4,38.7,0.0,15.4,2026-10-09 17:49:40.937238
29291aab6deb1c0393abde142005b775,Tulsa,US,2026-10-14,27.9,23.8,31.9,63.5,5.4,11.5,2026-10-09 17:49:40.937238
78189265b3615535b5ae95c562c6de7c,Virginia Beach,US,2026-10-14,19.1,16.6,22.0,68.9,0.0,36.5,2026-10-09 17:49:40.937238
d3e47498d93f7be456c7622bebb444ee,Washington,US,2026-10-14,16.9,13.0,21.9,58.3,0.0,19.5,2026-10-09 17:49:40.937238
09cfe9044ac96e4af6abd6d71dbb1e3b,Albuquerque,US,2026-10-15,16.7,13.0,20.5,37.3,0.0,27.4,2026-10-09 17:49:40.937238
630a45d5024ec2c001be729152002020,Arlington,US,2026-10-15,27.8,24.5,31.0,66.0,2.0,24.3,2026-10-09 17:49:40.937238
bb05f17cc2b958612da2bd689e344fa0,Atlanta,US,2026-10-15,24.1,19.8,28.9,63.4,0.0,14.7,2026-10-09 17:49:40.937238
eaee24fb4659f60520ba914cebae98e0,Austin,US,2026-10-15,27.3,24.9,31.5,71.1,0.6,20.2,2026-10-09 17:49:40.937238
6a8c1b72bf8c795ae926d9b88f570d0a,Baltimore,US,2026-10-15,13.5,9.0,17.3,48.8,0.0,11.0,2026-10-09 17:49:40.937238
074efa5bd4f6359f7fb5e73a2861ab7e,Boston,US,2026-10-15,9.4,6.8,12.1,63.8,0.0,17.9,2026-10-09 17:49:40.937238
66420ed34a3115bf89bb12ebc2bfb6b0,Charlotte,US,2026-10-15,18.7,14.3,23.5,62.0,0.0,10.8,2026-10-09 17:49:40.937238
5ffb19843f9b883208c6407010179b1a,Chicago,US,2026-10-15,14.9,12.2,20.0,86.3,15.6,21.0,2026-10-09 17:49:40.937238
019d8f669571b40fd18d57fbe87aebbf,Colorado Springs,US,2026-10-15,13.5,8.6,18.8,33.3,0.0,35.6,2026-10-09 17:49:40.937238
55fa69d3d6ce89f6c008b044009520ea,Columbus,US,2026-10-15,12.1,10.6,13.4,73.6,10.2,12.7,2026-10-09 17:49:40.937238
d9ba0b0668ca449da43b9971fa304549,Dallas,US,2026-10-15,27.3,24.7,29.5,70.7,2.4,23.7,2026-10-09 17:49:40.937238
3abaf1b5dd51737c3a2e59660f7b7eb7,Denver,US,2026-10-15,15.4,11.5,20.1,28.8,0.0,28.8,2026-10-09 17:49:40.937238
385d2d09f19214c166f30ca9da4c85a4,Detroit,US,2026-10-15,11.7,10.8,13.0,66.0,7.5,16.6,2026-10-09 17:49:40.937238
bbb2efbfbbd57e9d26060ed99e775765,El Paso,US,2026-10-15,22.0,18.8,25.4,23.3,0.0,13.4,2026-10-09 17:49:40.937238
8ce475902c077df3f2c2696ba4d94d51,Fort Worth,US,2026-10-15,27.4,24.2,31.2,68.3,3.0,26.3,2026-10-09 17:49:40.937238
301a6166621baa2c6c56f990e4554b25,Fresno,US,2026-10-15,22.7,17.5,28.3,25.4,0.0,5.8,2026-10-09 17:49:40.937238
91c637e041b21d0677bedfe2b9e9188f,Houston,US,2026-10-15,28.1,24.5,32.8,59.5,0.0,20.7,2026-10-09 17:49:40.937238
ad3a9af874dad8763d888758acbc2fbc,Indianapolis,US,2026-10-15,18.2,12.7,25.8,72.8,27.3,20.3,2026-10-09 17:49:40.937238
cb24c99ba7c112336ba83481b2dda007,Jacksonville,US,2026-10-15,27.2,23.5,32.0,56.2,0.0,20.7,2026-10-09 17:49:40.937238
a6a807534099349675bb9106751c9b99,Kansas City,US,2026-10-15,21.2,16.0,24.6,76.9,15.2,26.1,2026-10-09 17:49:40.937238
a674e123fceb7e2a44254d0fd2411509,Las Vegas,US,2026-10-15,23.4,19.9,27.4,29.8,0.0,18.3,2026-10-09 17:49:40.937238
bafbb0a9cb8b32b7b6b8ba00669e2c18,London,GB,2026-10-15,17.5,16.4,18.4,84.5,2.25,19.4,2026-10-09 17:49:40.937238
a041870febc251f3ae8a3698574aca97,Long Beach,US,2026-10-15,23.5,20.4,28.1,48.3,0.0,15.5,2026-10-09 17:49:40.937238
d08dcbe3c297320ef613f99815ad644a,Los Angeles,US,2026-10-15,23.7,20.2,28.7,40.1,0.0,15.8,2026-10-09 17:49:40.937238
ff78fd07ae5112f8a30fcc65fe540792,Louisville,US,2026-10-15,21.9,16.5,30.4,59.0,1.2,11.4,2026-10-09 17:49:40.937238
3a2c4e7363253aec8d308e5f14f1e781,Memphis,US,2026-10-15,30.1,25.9,35.0,35.4,0.0,18.0,2026-10-09 17:49:40.937238
0d715769179e4370c71b2f8448ffa567,Mesa,US,2026-10-15,24.3,20.0,28.7,31.8,0.0,11.2,2026-10-09 17:49:40.937238
a5f2afcb412bf0b3d24159bcfc585361,Miami,US,2026-10-15,28.0,27.1,29.2,59.8,0.0,24.5,2026-10-09 17:49:40.937238
1da9517db377018892d8b7065cc95614,Milwaukee,US,2026-10-15,14.2,12.6,18.8,86.3,14.7,31.8,2026-10-09 17:49:40.937238
80053db1677c8c8f38a819bbf7f4b4f0,Minneapolis,US,2026-10-15,12.1,11.1,13.4,83.3,18.2,29.3,2026-10-09 17:49:40.937238
71a512ca5434a74cb6d5fb9a28b917ef,Nashville,US,2026-10-15,26.1,21.6,32.0,56.5,0.0,18.7,2026-10-09 17:49:40.937238
918f13c90af917dbf809d171861d4593,New Orleans,US,2026-10-15,27.2,22.6,33.2,53.1,0.0,13.7,2026-10-09 17:49:40.937238
6e70035266afb2795a51a7c1ba5c8327,New York,US,2026-10-15,12.7,9.5,16.1,45.8,0.0,17.5,2026-10-09 17:49:40.937238
5669ec8f2161364699bf53f4bc58d5d7,Oakland,US,2026-10-15,18.3,11.9,29.2,49.3,0.0,12.9,2026-10-09 17:49:40.937238
18433ac04e1076e2fdd80463033e1eab,Oklahoma City,US,2026-10-15,23.4,18.6,29.2,62.1,12.3,45.0,2026-10-09 17:49:40.937238
462d8cabffcf3ab59e875e12f289db07,Omaha,US,2026-10-15,17.1,12.8,22.2,80.2,6.7,47.0,2026-10-09 17:49:40.937238
171a1d382d74a2c827dda9fa94e5b3ec,Philadelphia,US,2026-10-15,13.1,9.0,18.4,49.5,0.0,10.9,2026-10-09 17:49:40.937238
a65616b22547de9f32113b11e35692b4,Phoenix,US,2026-10-15,25.3,22.0,28.8,28.9,0.0,10.3,2026-10-09 17:49:40.937238
bfd354bb714f8fe845fb9d6fc0b09be3,Portland,US,2026-10-15,14.4,9.0,21.4,67.0,0.0,7.9,2026-10-09 17:49:40.937238
4ec243d4c2133dccdfb16b02a223d6c6,Raleigh,US,2026-10-15,17.0,12.5,21.9,49.5,0.0,12.1,2026-10-09 17:49:40.937238
64f1d5087b9ec053b0e44c84ee49afcc,Sacramento,US,2026-10-15,20.6,14.3,28.0,26.8,0.0,10.7,2026-10-09 17:49:40.937238
83fa1422dfe40c3936c225b37f6ca141,San Antonio,US,2026-10-15,26.5,23.4,31.1,75.3,0.6,23.4,2026-10-09 17:49:40.937238
47c8c3c27e11a345683f4e01aaffd7f1,San Diego,US,2026-10-15,22.8,19.9,26.7,57.4,0.0,13.6,2026-10-09 17:49:40.937238
cbb027d700106b27a8e0e90bf00e13f9,San Francisco,US,2026-10-15,18.3,15.0,24.7,52.6,0.0,10.9,2026-10-09 17:49:40.937238
81fbf487656f7a1de0fea4a0f6758aed,San Jose,US,2026-10-15,20.4,14.7,28.2,34.3,0.0,13.6,2026-10-09 17:49:40.937238
32150ad9e2f1b2accae19bb6e57a2768,Sao Paulo,BR,2026-10-15,20.8,18.7,24.1,91.0,32.1,6.6,2026-10-09 17:49:40.937238
232b264fa9cbbadc14a469919909271f,Seattle,US,2026-10-15,13.3,10.4,18.4,79.9,0.0,14.1,2026-10-09 17:49:40.937238
99bf1debf1f244f7747ae31066ca2b7c,Sydney,AU,2026-10-15,15.3,13.0,16.8,75.5,3.0,14.4,2026-10-09 17:49:40.937238
48e4ec376f2e71cf2a800fb063212edb,Tampa,US,2026-10-15,26.1,21.5,31.3,55.5,0.0,17.3,2026-10-09 17:49:40.937238
a73b6ce8e57fe4e679fe454fa90bd5c8,Tokyo,JP,2026-10-15,21.4,17.8,25.1,56.0,0.0,17.2,2026-10-09 17:49:40.937238
f64de35739757f62c8ee3ad497f898c5,Tucson,US,2026-10-15,22.7,19.0,27.3,29.0,0.0,16.4,2026-10-09 17:49:40.937238
66bc7c6d03f93337be7092c4432ded0a,Tulsa,US,2026-10-15,25.3,20.7,30.9,60.5,12.3,34.7,2026-10-09 17:49:40.937238
43f31fbbdb35ba7348bcbd5a5add0f67,Virginia Beach,US,2026-10-15,16.7,15.6,17.7,62.1,0.0,23.4,2026-10-09 17:49:40.937238
4f4e8d7d29cf891d48778a9abeb640f3,Washington,US,2026-10-15,14.1,9.2,18.7,48.3,0.0,9.7,2026-10-09 17:49:40.937238
6868ecf5185f74a0fa821810cd5bf78e,Albuquerque,US,2026-10-16,16.8,12.9,21.6,36.0,0.0,30.5,2026-10-09 17:49:40.937238
ed0dc062d05eeb4e051fea8bb7c7d3c8,Arlington,US,2026-10-16,20.6,17.8,25.5,52.2,21.1,30.6,2026-10-09 17:49:40.937238
ffaf4414bd7cb9efd4af2d458dc315b2,Atlanta,US,2026-10-16,23.7,19.4,28.6,70.3,0.3,14.5,2026-10-09 17:49:40.937238
e133c0602b8c49080c561c67a4541d28,Austin,US,2026-10-16,22.6,19.4,25.5,66.6,0.0,24.1,2026-10-09 17:49:40.937238
7de17f2541c4072dc058ada44031c2fe,Baltimore,US,2026-10-16,19.3,14.9,24.5,62.4,0.0,20.2,2026-10-09 17:49:40.937238
cad0e9300d85ba81756b46dd2f73c401,Boston,US,2026-10-16,13.1,9.4,17.5,75.4,0.9,35.1,2026-10-09 17:49:40.937238
43c6b8c993f2fc35f6ae548e41623d44,Charlotte,US,2026-10-16,20.2,16.8,25.2,65.0,0.0,18.2,2026-10-09 17:49:40.937238
2b1071c1c45d36d3601b5bae55b1876c,Chicago,US,2026-10-16,13.1,7.5,19.2,56.3,0.3,29.9,2026-10-09 17:49:40.937238
789d2d7f281f19e56ce7be04aee15142,Colorado Springs,US,2026-10-16,10.6,6.5,16.8,44.1,0.0,22.2,2026-10-09 17:49:40.937238
8c986a75b1344e05e6bd3549ec5d090f,Columbus,US,2026-10-16,18.1,12.7,21.4,70.5,0.9,27.4,2026-10-09 17:49:40.937238
51870d09b3831eae2425f49cf1218ad8,Dallas,US,2026-10-16,19.7,17.1,26.8,61.4,22.8,28.5,2026-10-09 17:49:40.937238
1b04dba0041f405caeb8463fd605a7a6,Denver,US,2026-10-16,11.6,8.3,14.8,37.6,0.0,13.4,2026-10-09 17:49:40.937238
9d9eb8492ad310227642a584d3dbd67a,Detroit,US,2026-10-16,15.0,10.3,18.7,71.0,1.8,31.1,2026-10-09 17:49:40.937238
535ff63bdc8c898061d92b158b349ddf,El Paso,US,2026-10-16,20.3,17.5,23.2,34.3,0.0,36.0,2026-10-09 17:49:40.937238
be6bcb477f8c0c14258447d738fdcc96,Fort Worth,US,2026-10-16,19.6,17.4,24.2,57.8,16.8,31.4,2026-10-09 17:49:40.937238
7f1657896e327b2dd1e3b2faeef43ad1,Fresno,US,2026-10-16,25.1,19.7,31.4,20.7,0.0,6.6,2026-10-09 17:49:40.937238
ce6a0fbf7dbc4134568242050174d34e,Houston,US,2026-10-16,27.6,23.9,31.9,52.7,0.0,23.7,2026-10-09 17:49:40.937238
b967950a71b77cf5e878701f80c17cb6,Indianapolis,US,2026-10-16,18.3,11.9,25.2,56.7,0.3,28.6,2026-10-09 17:49:40.937238
d0e992d12cc5fd1eea463631c59eed94,Jacksonville,US,2026-10-16,25.9,23.1,30.0,56.2,0.0,16.1,2026-10-09 17:49:40.937238
358cee0eb3f949a79cb51026c36dabab,Kansas City,US,2026-10-16,13.3,9.7,16.1,40.5,0.0,31.1,2026-10-09 17:49:40.937238
4e8bb0028ebc9a5c9f68d6b6c1593a84,Las Vegas,US,2026-10-16,24.7,21.5,27.9,22.4,0.0,22.6,2026-10-09 17:49:40.937238
28c17b9e743c0a15544af9863fea02a1,London,GB,2026-10-16,13.3,9.9,16.1,75.0,5.25,17.9,2026-10-09 17:49:40.937238
979ca93bf2e05940f0e1919cb9339bfc,Long Beach,US,2026-10-16,27.7,23.6,33.3,23.9,0.0,13.7,2026-10-09 17:49:40.937238
c443804b5d79dec328f0f559da193d9e,Los Angeles,US,2026-10-16,27.8,23.6,33.7,18.0,0.0,16.1,2026-10-09 17:49:40.937238
c3553dec38a59cbb4a9b38a0189c99e5,Louisville,US,2026-10-16,21.0,14.3,26.3,52.9,0.3,27.3,2026-10-09 17:49:40.937238
27dec82c46654c3a7df57138f5b007fc,Memphis,US,2026-10-16,21.9,16.7,28.2,45.1,2.4,24.0,2026-10-09 17:49:40.937238
23910282829f22ff7e7d8f30ef2fd3dd,Mesa,US,2026-10-16,27.2,21.1,33.7,24.0,0.0,21.7,2026-10-09 17:49:40.937238
12f3849b629d652aefaca4fe5a5384f8,Miami,US,2026-10-16,27.7,26.8,28.9,58.2,0.0,22.8,2026-10-09 17:49:40.937238
bb3e498d19011f23febab9f4c0365dfb,Milwaukee,US,2026-10-16,11.4,5.6,17.8,63.0,0.6,36.7,2026-10-09 17:49:40.937238
c0ebea2ed52a51666769fafe198c1c5b,Minneapolis,US,2026-10-16,6.4,3.7,10.8,59.7,1.0,35.9,2026-10-09 17:49:40.937238
6b42144c3a0d2c76318c3ddf5240941f,Nashville,US,2026-10-16,21.3,14.7,25.1,61.6,0.0,20.4,2026-10-09 17:49:40.937238
2148f8774d1ae474fe662fdcbb8ed1e3,New Orleans,US,2026-10-16,27.2,24.2,30.4,59.5,0.0,11.8,2026-10-09 17:49:40.937238
60955d410fe35b41673e3022eab24b0f,New York,US,2026-10-16,16.5,13.6,20.0,73.9,3.9,27.8,2026-10-09 17:49:40.937238
013f56fcb014bed8a0b4e75a92575353,Oakland,US,2026-10-16,21.0,14.3,31.9,38.8,0.0,12.5,2026-10-09 17:49:40.937238
b3d8c5cfeabf9f486b3d5a6934dca3b2,Oklahoma City,US,2026-10-16,16.7,13.5,21.1,38.9,0.0,39.2,2026-10-09 17:49:40.937238
68ba06bf402ca389f70fbf9202b7703a,Omaha,US,2026-10-16,9.9,6.2,12.3,44.6,0.0,42.5,2026-10-09 17:49:40.937238
f4d9ce071bfd4d201d6d16a0cb11c2dd,Philadelphia,US,2026-10-16,17.6,13.5,23.1,66.3,1.5,24.8,2026-10-09 17:49:40.937238
271cad281b851e3cccccc203bf782a5f,Phoenix,US,2026-10-16,28.7,23.3,34.4,20.7,0.0,26.0,2026-10-09 17:49:40.937238
3ed8127a72e32a7909cc8c9bc9ac6746,Portland,US,2026-10-16,16.2,10.8,22.9,54.6,0.0,6.5,2026-10-09 17:49:40.937238
088c41e822338a206abffe1649d80f90,Raleigh,US,2026-10-16,19.5,14.1,25.7,60.2,0.0,19.7,2026-10-09 17:49:40.937238
06f15d64e95e8d6cc7f36596f8660a29,Sacramento,US,2026-10-16,22.9,16.4,30.9,22.3,0.0,8.5,2026-10-09 17:49:40.937238
26de3f696c08777da68f26f59291adf2,San Antonio,US,2026-10-16,23.1,18.8,28.1,69.0,0.3,33.2,2026-10-09 17:49:40.937238
47cda8998d40870f9d84accf476990e5,San Diego,US,2026-10-16,26.6,22.0,31.3,37.2,0.0,16.2,2026-10-09 17:49:40.937238
4a7d5fb0e0355a4d62181598062b7a7a,San Francisco,US,2026-10-16,19.7,15.8,26.7,50.4,0.0,11.4,2026-10-09 17:49:40.937238
64b599f22a4fc63cc4e2fb88202febca,San Jose,US,2026-10-16,22.8,17.4,30.7,24.2,0.0,12.7,2026-10-09 17:49:40.937238
bfb93ef7388271cdd0b076a93a30cbbf,Sao Paulo,BR,2026-10-16,20.1,18.5,21.9,93.9,27.2,15.3,2026-10-09 17:49:40.937238
2b77d8b7ff9adcd19968837cf21ba0f3,Seattle,US,2026-10-16,13.4,8.7,19.4,68.8,0.0,10.4,2026-10-09 17:49:40.937238
afca958bcf951349f4a9ffb6f44e8ee8,Sydney,AU,2026-10-16,16.2,14.4,17.5,75.3,6.0,20.7,2026-10-09 17:49:40.937238
5707c6a39ad149e03a1a14e179ba243a,Tampa,US,2026-10-16,25.4,21.4,30.6,62.9,0.0,17.2,2026-10-09 17:49:40.937238
322a2e76fb557393794e21b91cb586d2,Tokyo,JP,2026-10-16,20.4,16.7,24.9,70.2,0.0,8.6,2026-10-09 17:49:40.937238
5ed6a79e1182f00975d038d87d691680,Tucson,US,2026-10-16,26.0,22.2,30.6,27.2,0.0,31.2,2026-10-09 17:49:40.937238
5d109defdc90ccce9a7d95335d1908c0,Tulsa,US,2026-10-16,18.1,15.3,21.6,35.9,0.0,30.2,2026-10-09 17:49:40.937238
9f34ee55112c2350f6d79b13dd082ade,Virginia Beach,US,2026-10-16,19.8,16.8,22.8,69.4,0.0,30.2,2026-10-09 17:49:40.937238
c59a04098fa1f51e10d8a74ef2ef2255,Washington,US,2026-10-16,19.3,14.6,24.8,63.4,0.0,20.1,2026-10-09 17:49:40.937238
f9d139f8ded1b1911e1ccea03102e42a,Albuquerque,US,2026-10-17,15.9,12.5,19.2,35.3,0.0,25.0,2026-10-09 17:49:40.937238
64c650f26fef176210c3fc05fb9cbc19,Arlington,US,2026-10-17,17.2,15.2,19.1,27.1,0.0,23.7,2026-10-09 17:49:40.937238
97bb612df6de3c21f218106dfa3340e8,Atlanta,US,2026-10-17,16.9,11.5,23.0,39.5,0.0,27.0,2026-10-09 17:49:40.937238
504313e06e4cf9ec1da8d29b64c545bf,Austin,US,2026-10-17,19.3,15.9,22.4,26.3,0.0,28.5,2026-10-09 17:49:40.937238
e476313bf68df65add8b45a756b79b0f,Baltimore,US,2026-10-17,15.3,9.5,20.2,52.8,1.2,21.2,2026-10-09 17:49:40.937238
442cd415ac996f229dde93f292c39130,Boston,US,2026-10-17,14.6,9.8,18.7,84.7,5.1,33.3,2026-10-09 17:49:40.937238
7ded619d5592400cdd09e3c18d2d6684,Charlotte,US,2026-10-17,18.0,11.3,21.0,55.7,0.0,21.9,2026-10-09 17:49:40.937238
8eabe136a04fa218406d20365fba56bf,Chicago,US,2026-10-17,6.5,4.8,8.7,52.1,0.0,28.7,2026-10-09 17:49:40.937238
9d7a8c2d00e6216977d3d80cc41ab6f0,Colorado Springs,US,2026-10-17,10.5,5.0,17.0,45.2,0.0,14.4,2026-10-09 17:49:40.937238
772a46021b9b00aa559887e74fb5e3ed,Columbus,US,2026-10-17,8.7,6.4,12.1,53.3,0.0,22.6,2026-10-09 17:49:40.937238
01f0c9a751ef14e06460105628edcce2,Dallas,US,2026-10-17,16.3,14.4,18.1,34.3,0.0,22.8,2026-10-09 17:49:40.937238
2f41b159e618d70297cd00c1dcdd8f47,Denver,US,2026-10-17,12.8,6.7,19.5,32.9,0.0,8.4,2026-10-09 17:49:40.937238
e19a6b2f77d503e0d5010f51635d9865,Detroit,US,2026-10-17,7.4,5.5,9.9,58.8,0.3,23.5,2026-10-09 17:49:40.937238
d95b63c55b2aecf817e77019633a9dc4,El Paso,US,2026-10-17,17.3,14.8,20.0,30.6,0.0,38.5,2026-10-09 17:49:40.937238
0e257f6dedcff996d875da16991687f0,Fort Worth,US,2026-10-17,15.5,13.2,17.8,35.7,0.0,25.0,2026-10-09 17:49:40.937238
a9e0f6676378408399460dec1e1451f0,Fresno,US,2026-10-17,26.8,21.1,33.1,16.4,0.0,5.0,2026-10-09 17:49:40.937238
740e6b79d047746de202234135877e19,Houston,US,2026-10-17,22.2,18.7,25.4,24.7,0.0,29.1,2026-10-09 17:49:40.937238
df5279ed9e9241fcf2010a79d716b6e3,Indianapolis,US,2026-10-17,7.5,5.4,11.0,49.8,0.0,24.2,2026-10-09 17:49:40.937238
0bee13fa146df48c4df1d1a525b0d7b0,Jacksonville,US,2026-10-17,26.4,22.1,32.2,52.5,0.0,21.8,2026-10-09 17:49:40.937238
cde0139e2d2108532189cafea78fa6f5,Kansas City,US,2026-10-17,7.4,5.2,10.2,45.8,0.0,21.9,2026-10-09 17:49:40.937238
f84d0d8a6086bfe21503416b3080fe24,Las Vegas,US,2026-10-17,25.5,22.4,28.1,22.0,0.0,11.3,2026-10-09 17:49:40.937238
2cdb9a49887c3786eb2f5ebc0368279e,London,GB,2026-10-17,11.3,7.1,15.3,75.7,0.0,9.0,2026-10-09 17:49:40.937238
e021f44b5a67e731a8bdbc56ead1e950,Long Beach,US,2026-10-17,30.1,25.7,35.8,18.6,0.0,12.7,2026-10-09 17:49:40.937238
ee22236a4c2fc5cf345a3c6f8c57e359,Los Angeles,US,2026-10-17,30.0,25.1,35.3,16.3,0.0,11.0,2026-10-09 17:49:40.937238
442a5fab50d607b5f0b2a9bcb86ab152,Louisville,US,2026-10-17,9.9,6.5,13.8,43.3,0.0,23.1,2026-10-09 17:49:40.937238
83b2e38421f6da741f7317729c5acca5,Memphis,US,2026-10-17,13.5,9.7,16.3,32.3,0.0,25.0,2026-10-09 17:49:40.937238
550f68679bf9c847d22f889660146823,Mesa,US,2026-10-17,27.5,24.8,31.0,24.7,0.0,29.4,2026-10-09 17:49:40.937238
c6a558fd82a41445472d1e112f602049,Miami,US,2026-10-17,28.1,27.1,29.4,62.2,0.3,25.5,2026-10-09 17:49:40.937238
5830f245c37f0f29f710d62377336c70,Milwaukee,US,2026-10-17,6.1,4.3,8.1,62.3,0.0,37.4,2026-10-09 17:49:40.937238
d64cffba3d348cab847911ae50d45d2c,Minneapolis,US,2026-10-17,4.3,2.3,6.9,49.6,0.0,29.5,2026-10-09 17:49:40.937238
26dd3c3efcfcf59c8258e101004c8255,Nashville,US,2026-10-17,11.5,7.6,14.1,41.5,0.0,20.8,2026-10-09 17:49:40.937238
6e6af81cef518b6fef6175648bb050b8,New Orleans,US,2026-10-17,22.8,18.5,25.7,33.8,0.0,31.4,2026-10-09 17:49:40.937238
ce41b079b2cd64ebe6b98a8b5ddc91ba,New York,US,2026-10-17,15.2,11.4,18.6,57.0,0.6,25.6,2026-10-09 17:49:40.937238
4b40bb75a4848d4d24ba523f5f3bf8bf,Oakland,US,2026-10-17,22.7,16.0,33.7,34.7,0.0,12.6,2026-10-09 17:49:40.937238
e9de14fe8d8f8bd4624dfcfc5a0dd31d,Oklahoma City,US,2026-10-17,11.4,7.6,15.8,32.2,0.0,22.4,2026-10-09 17:49:40.937238
60430b36ccdeb8ec1a06111a818e0c5c,Omaha,US,2026-10-17,4.6,1.9,8.2,47.0,0.0,30.0,2026-10-09 17:49:40.937238
eba37f9eeaeb54b3b23890ca473f2b54,Philadelphia,US,2026-10-17,14.8,10.1,18.9,57.8,0.6,19.2,2026-10-09 17:49:40.937238
5e972a6999e3008526c4a1655e44787c,Phoenix,US,2026-10-17,28.5,25.9,31.8,23.1,0.0,33.2,2026-10-09 17:49:40.937238
ca91b87b3307e6783ab334390e081d7d,Portland,US,2026-10-17,16.2,11.8,21.7,56.8,0.0,10.1,2026-10-09 17:49:40.937238
ffdd60f8f7128e23e6202dcceeae0593,Raleigh,US,2026-10-17,17.6,12.9,19.7,57.7,0.0,21.9,2026-10-09 17:49:40.937238
e1ef9178e1121e8e0a23f7ea190770f5,Sacramento,US,2026-10-17,24.2,17.7,31.8,20.8,0.0,8.9,2026-10-09 17:49:40.937238
2f32026bebc85bbba085259f2671f833,San Antonio,US,2026-10-17,19.1,14.1,23.4,29.8,0.0,33.4,2026-10-09 17:49:40.937238
8b7c80462dbc9b33a6ab54170f3dabd5,San Diego,US,2026-10-17,29.2,25.7,33.4,28.3,0.0,17.3,2026-10-09 17:49:40.937238
52ad87b42d1f30d6731c9a4fc82947ef,San Francisco,US,2026-10-17,21.1,17.7,28.6,45.5,0.0,10.8,2026-10-09 17:49:40.937238
fd5fe34dc01cf57e931050590959d72f,San Jose,US,2026-10-17,24.5,19.2,32.5,21.3,0.0,12.5,2026-10-09 17:49:40.937238
8732d93e7ab0c43626b979b40b8ac460,Sao Paulo,BR,2026-10-17,19.2,14.9,22.1,80.8,2.8,24.0,2026-10-09 17:49:40.937238
0013d10b9753749bb572d61721734de5,Seattle,US,2026-10-17,13.5,9.9,18.7,67.5,0.0,13.7,2026-10-09 17:49:40.937238
0c5c67077888c08e7d782198504da3a6,Sydney,AU,2026-10-17,18.0,15.1,20.5,83.2,4.8,18.1,2026-10-09 17:49:40.937238
6bdf57e4c0930446c6586702362c4886,Tampa,US,2026-10-17,25.1,21.1,31.0,63.2,0.0,17.6,2026-10-09 17:49:40.937238
398d85525afc62748817049676fc779f,Tokyo,JP,2026-10-17,19.6,17.4,21.8,70.2,1.0,8.8,2026-10-09 17:49:40.937238
f4d55fa81a2aa837fd45e7c15d72038a,Tucson,US,2026-10-17,24.3,21.2,28.1,27.7,0.0,39.3,2026-10-09 17:49:40.937238
4b829547ddc0e8eadb297fe60ec390be,Tulsa,US,2026-10-17,12.3,9.5,15.5,28.8,0.0,18.1,2026-10-09 17:49:40.937238
53d5e45e5479cd9687b8fbf616be8daf,Virginia Beach,US,2026-10-17,18.0,16.0,20.0,76.4,1.5,37.5,2026-10-09 17:49:40.937238
bcd85d093c95fe6615c6ea1135a61028,Washington,US,2026-10-17,15.4,9.3,19.9,55.6,1.2,21.7,2026-10-09 17:49:40.937238
0a7c6b3758d21c8f686e5548db169ef9,Albuquerque,US,2026-10-18,16.7,12.8,21.3,34.6,0.0,19.7,2026-10-09 17:49:40.937238
b38373182cb10904b3f6642abf39bd5b,Arlington,US,2026-10-18,15.3,11.6,19.4,28.3,0.0,13.0,2026-10-09 17:49:40.937238
56d838a159c00e0f80e8f267b386fccf,Atlanta,US,2026-10-18,12.9,8.0,18.4,37.0,0.0,19.1,2026-10-09 17:49:40.937238
4e14820255b0f658a7ba8b1d4627f402,Austin,US,2026-10-18,16.4,12.6,21.2,27.2,0.0,14.2,2026-10-09 17:49:40.937238
09786d91ffeedd6fb312841d20c80b6f,Baltimore,US,2026-10-18,9.2,6.3,12.4,49.7,0.0,19.9,2026-10-09 17:49:40.937238
7d159d425979a8479f7c5f69702f7a3a,Boston,US,2026-10-18,8.6,5.2,11.9,61.8,0.0,23.5,2026-10-09 17:49:40.937238
5e0ef4e6c626b94e44268fed56254af0,Charlotte,US,2026-10-18,10.7,6.0,15.8,44.6,0.0,17.3,2026-10-09 17:49:40.937238
179f4e0df66b99d093f252394e32d3bf,Chicago,US,2026-10-18,7.3,3.8,10.9,52.9,0.0,13.9,2026-10-09 17:49:40.937238
a45e72b5d0856696c7ed4325ab0b0a4e,Colorado Springs,US,2026-10-18,15.3,11.5,20.4,28.4,0.0,18.1,2026-10-09 17:49:40.937238
88c35a67ab0461e0291e0eb7bb875f36,Columbus,US,2026-10-18,6.5,2.4,10.9,56.8,0.0,13.5,2026-10-09 17:49:40.937238
d81ebd33ae085ede25c4f65a986518f0,Dallas,US,2026-10-18,14.4,10.8,18.6,35.4,0.0,12.7,2026-10-09 17:49:40.937238
894789660579a2c1d175abef4c1157d8,Denver,US,2026-10-18,17.2,12.2,23.4,20.6,0.0,11.6,2026-10-09 17:49:40.937238
ffedd1ef564f4812d7bc2992b06112be,Detroit,US,2026-10-18,6.8,3.4,10.3,42.5,0.0,15.5,2026-10-09 17:49:40.937238
dd56d6c955bd3b9c409d6856605fee57,El Paso,US,2026-10-18,18.1,14.7,21.4,38.3,0.0,19.5,2026-10-09 17:49:40.937238
5f32088b644974319e742c5399edc944,Fort Worth,US,2026-10-18,14.2,10.2,19.1,33.3,0.0,12.5,2026-10-09 17:49:40.937238
321579710b7e62d9834d93ffa4ec277c,Fresno,US,2026-10-18,28.1,22.5,34.4,15.1,0.0,7.7,2026-10-09 17:49:40.937238
b1cff6078edd404456fce4cb36660ce2,Houston,US,2026-10-18,17.7,14.1,21.6,24.8,0.0,15.5,2026-10-09 17:49:40.937238
419a576bb48d055633ee59239650fe5b,Indianapolis,US,2026-10-18,7.6,5.0,11.1,48.9,0.0,11.2,2026-10-09 17:49:40.937238
2616e756dccd54b3ed184ba2803ca12e,Jacksonville,US,2026-10-18,19.9,17.7,22.3,51.9,0.0,26.1,2026-10-09 17:49:40.937238
6e299eb8a04028eb6a08c1d7439e4fec,Kansas City,US,2026-10-18,8.1,3.6,13.7,51.4,0.0,19.4,2026-10-09 17:49:40.937238
cda23b3297120c0958148131f3664a54,Las Vegas,US,2026-10-18,27.0,24.5,29.5,22.8,0.0,7.0,2026-10-09 17:49:40.937238
970b18e298819da856b5897c078c83d4,London,GB,2026-10-18,16.5,13.8,19.0,87.4,3.6,17.1,2026-10-09 17:49:40.937238
bd1fc3172e5849484f890467be9c573c,Long Beach,US,2026-10-18,29.7,27.1,33.5,28.2,0.0,12.3,2026-10-09 17:49:40.937238
96d67e57e9c988e772d279e8a0062b7f,Los Angeles,US,2026-10-18,30.1,27.1,34.4,24.4,0.0,18.5,2026-10-09 17:49:40.937238
b214cc6485163807108b1129189aed0a,Louisville,US,2026-10-18,7.9,3.2,13.6,49.4,0.0,8.0,2026-10-09 17:49:40.937238
9b1a95a56994f37501bce01e575243d4,Memphis,US,2026-10-18,10.6,5.1,16.7,40.5,0.0,13.6,2026-10-09 17:49:40.937238
9a5f5d1358b4f2e5e83f38e47cc31390,Mesa,US,2026-10-18,26.7,22.5,31.3,24.5,0.0,15.0,2026-10-09 17:49:40.937238
7fbad16d428773eadb978c0f202abd4c,Miami,US,2026-10-18,27.6,27.0,28.5,67.3,9.6,23.7,2026-10-09 17:49:40.937238
30976ffd17a459c16f3a2e0eacf7f83e,Milwaukee,US,2026-10-18,5.7,2.5,9.0,54.6,0.0,19.8,2026-10-09 17:49:40.937238
d6d531179bb907bb661c1d2555c1ab21,Minneapolis,US,2026-10-18,6.0,1.5,11.0,40.5,0.0,15.5,2026-10-09 17:49:40.937238
2eafb0ecad0ea58ef43534844a31e16b,Nashville,US,2026-10-18,9.3,4.8,14.1,47.2,0.0,11.6,2026-10-09 17:49:40.937238
e5b3a7889de7f9d5ef187e2c6805949a,New Orleans,US,2026-10-18,16.8,13.1,20.5,33.2,0.0,21.9,2026-10-09 17:49:40.937238
250e25e95986d17db93a7e82f5d958df,New York,US,2026-10-18,9.6,6.5,12.1,51.2,0.0,26.7,2026-10-09 17:49:40.937238
3bc840d5378a01db2705baaa3d0368e5,Oakland,US,2026-10-18,23.2,17.1,33.6,28.7,0.0,11.5,2026-10-09 17:49:40.937238
77f0cdea8406540feb2284e6b53238d5,Oklahoma City,US,2026-10-18,10.5,4.3,18.5,37.2,0.0,25.4,2026-10-09 17:49:40.937238
5db99fab9eedeadd96250c0c36d3c22f,Omaha,US,2026-10-18,7.0,1.0,13.9,52.6,0.0,22.7,2026-10-09 17:49:40.937238
fe785412c8dac7d0653db2e5a4f6d6ef,Philadelphia,US,2026-10-18,9.0,5.7,12.3,51.0,0.0,19.5,2026-10-09 17:49:40.937238
cb587a584e2d25cb7312f58573e871db,Phoenix,US,2026-10-18,27.9,24.2,31.3,22.3,0.0,17.0,2026-10-09 17:49:40.937238
3235a58faf697681e770e001f07289cf,Portland,US,2026-10-18,16.1,10.8,22.8,57.1,0.0,8.6,2026-10-09 17:49:40.937238
e9cc9f79641675dce09fd47ba4e71cf0,Raleigh,US,2026-10-18,11.5,7.1,16.1,43.7,0.0,20.3,2026-10-09 17:49:40.937238
6d60fafeb03c3828e46f923768885b86,Sacramento,US,2026-10-18,24.8,17.9,32.3,18.5,0.0,12.6,2026-10-09 17:49:40.937238
549490052b9055c551fd0441aeeb6b1f,San Antonio,US,2026-10-18,15.4,12.2,20.6,32.3,0.0,17.4,2026-10-09 17:49:40.937238
64f3709855d82cb2f83282ff947ad078,San Diego,US,2026-10-18,28.7,26.5,32.3,34.3,0.0,13.1,2026-10-09 17:49:40.937238
78ff4e4c48da29728fd6a69c83f77ecd,San Francisco,US,2026-10-18,22.2,18.7,29.4,37.4,0.0,8.6,2026-10-09 17:49:40.937238
1bb21384c816e1ae05259640460ca197,San Jose,US,2026-10-18,25.4,19.7,33.4,19.7,0.0,12.4,2026-10-09 17:49:40.937238
1387864e88a33fb73d6b2a35e2014f3f,Sao Paulo,BR,2026-10-18,18.0,14.8,22.6,76.8,0.4,11.0,2026-10-09 17:49:40.937238
39705b78a753185e31b2c632fff1b648,Seattle,US,2026-10-18,13.5,9.1,19.8,71.8,0.0,8.7,2026-10-09 17:49:40.937238
78a236ad1f82762649a090734b42b30b,Sydney,AU,2026-10-18,18.2,14.4,21.2,86.8,0.0,13.0,2026-10-09 17:49:40.937238
bc2c551747d5d1f6b0b1ca2303f7dad7,Tampa,US,2026-10-18,23.8,20.4,28.6,58.5,0.3,28.5,2026-10-09 17:49:40.937238
0a2d64f1a650e5c0491252002f85c8fd,Tokyo,JP,2026-10-18,20.2,16.5,23.9,76.1,0.8,7.2,2026-10-09 17:49:40.937238
edf14188d4e70c15b279f1c242e2e666,Tucson,US,2026-10-18,24.3,20.3,28.2,28.4,0.0,23.1,2026-10-09 17:49:40.937238
0ca9c0c9122287e039f6a292022020e0,Tulsa,US,2026-10-18,11.3,5.9,17.7,36.0,0.0,17.4,2026-10-09 17:49:40.937238
cfeb7487d6f986e3409879ee71816501,Virginia Beach,US,2026-10-18,12.7,11.3,15.2,59.8,0.0,37.7,2026-10-09 17:49:40.937238
6493a2a8492c2c0e8859f9fe26dabc71,Washington,US,2026-10-18,9.4,6.7,12.8,50.4,0.0,18.4,2026-10-09 17:49:40.937238
1ebdb904a633e34de783d0532f41cb9c,Albuquerque,US,2026-10-19,18.3,14.6,22.5,41.3,0.0,16.4,2026-10-09 17:49:40.937238
a531c8971b8c492604bee6c2334acc41,Arlington,US,2026-10-19,16.7,12.5,21.0,28.8,0.0,11.3,2026-10-09 17:49:40.937238
9716dfd4c5d64f9ca00b77dfda7b1065,Atlanta,US,2026-10-19,13.0,8.4,17.8,39.1,0.0,19.5,2026-10-09 17:49:40.937238
56955c6a24ede9817f35d0f73e454274,Austin,US,2026-10-19,17.7,12.7,23.7,25.5,0.0,11.9,2026-10-09 17:49:40.937238
dd85c175d05728c586b6aca259f15c95,Baltimore,US,2026-10-19,7.9,3.4,12.7,40.1,0.0,8.0,2026-10-09 17:49:40.937238
d324703dbe76f230dfcfeb058b6e56f1,Boston,US,2026-10-19,7.1,3.2,11.1,47.7,0.0,14.7,2026-10-09 17:49:40.937238
f741402dd28ebf9b41e9f1cc4df71bc2,Charlotte,US,2026-10-19,10.2,6.2,14.9,45.4,0.0,11.0,2026-10-09 17:49:40.937238
6501cca2429eb810fe17274b2a843c73,Chicago,US,2026-10-19,9.5,6.5,12.6,44.8,0.0,15.6,2026-10-09 17:49:40.937238
ce8e1681eaf91b5af9bc10cc4f12bc97,Colorado Springs,US,2026-10-19,15.0,11.4,19.8,35.8,0.0,15.9,2026-10-09 17:49:40.937238
eafb34aa16b709f70789e1e33adbb445,Columbus,US,2026-10-19,7.3,3.0,11.5,51.5,0.0,10.9,2026-10-09 17:49:40.937238
184aa825e4208679f6fda004cc567f67,Dallas,US,2026-10-19,15.6,11.1,20.4,34.3,0.0,11.2,2026-10-09 17:49:40.937238
2a75f9a597e4d1f58aa62ca51292d40d,Denver,US,2026-10-19,17.6,13.1,22.3,22.3,0.0,9.2,2026-10-09 17:49:40.937238
021a9848f16e8fed22a160a65ae95857,Detroit,US,2026-10-19,8.0,4.7,11.0,39.7,0.0,16.9,2026-10-09 17:49:40.937238
b624b0406f01cd9623f962b8785592ee,El Paso,US,2026-10-19,21.1,17.9,24.7,37.8,0.0,19.1,2026-10-09 17:49:40.937238
3f82f68b5092d0ce3b4f8a03d195425b,Fort Worth,US,2026-10-19,15.4,11.0,20.2,35.5,0.0,12.1,2026-10-09 17:49:40.937238
94978ef93c3f5a9fe12f1b6e91504449,Fresno,US,2026-10-19,28.1,22.2,34.5,17.0,0.0,10.6,2026-10-09 17:49:40.937238
05defaedb18b1a5f0e9301a871adc407,Houston,US,2026-10-19,18.3,13.3,23.9,25.5,0.0,12.4,2026-10-09 17:49:40.937238
6bc90211c418bbacd18a6aac342d82ca,Indianapolis,US,2026-10-19,8.3,3.9,13.1,46.6,0.0,13.2,2026-10-09 17:49:40.937238
4dd04bd4a855c10fb6cd54cfa5fdcbff,Jacksonville,US,2026-10-19,21.2,19.5,22.8,68.3,0.0,20.4,2026-10-09 17:49:40.937238
0aa8c332822cc3fd60e7255437eb4a2e,Kansas City,US,2026-10-19,11.7,6.9,17.8,47.3,0.0,15.5,2026-10-09 17:49:40.937238
0627bb89482f672845ae79295b167840,Las Vegas,US,2026-10-19,27.5,25.1,29.9,24.1,0.0,9.4,2026-10-09 17:49:40.937238
8f5440d1f27b4bd7bc4b093a13566ab8,London,GB,2026-10-19,12.2,10.3,13.9,76.1,2.4,12.5,2026-10-09 17:49:40.937238
bd8286cc119720ddd423bbcb6374ef3c,Long Beach,US,2026-10-19,27.8,25.4,31.6,38.7,0.0,15.1,2026-10-09 17:49:40.937238
13944d79f3cd84d8d68aeb593d7e629c,Los Angeles,US,2026-10-19,29.0,26.6,33.4,29.3,0.0,16.9,2026-10-09 17:49:40.937238
a20cf4e400c6d8d54291e9bc40544abd,Louisville,US,2026-10-19,9.3,4.4,15.2,44.9,0.0,11.5,2026-10-09 17:49:40.937238
b5bff06fccb370dcb44de999a0329e9f,Memphis,US,2026-10-19,13.6,7.4,20.8,33.4,0.0,10.9,2026-10-09 17:49:40.937238
3ebb816aad90f711b20bab7adeae0cac,Mesa,US,2026-10-19,28.1,24.2,31.6,29.1,0.0,12.5,2026-10-09 17:49:40.937238
1b9f64a5d344ed2a114cae1dbff48931,Miami,US,2026-10-19,27.8,26.7,29.0,65.9,1.8,25.8,2026-10-09 17:49:40.937238
72a5b44289af367833be72a9731755f2,Milwaukee,US,2026-10-19,8.4,4.9,12.6,54.5,0.0,20.1,2026-10-09 17:49:40.937238
e54bfbdcd2ef8d04e364c482000ca196,Minneapolis,US,2026-10-19,10.9,6.9,16.1,51.3,0.0,7.0,2026-10-09 17:49:40.937238
f781155552281b3a622e966ffbfbcf2f,Nashville,US,2026-10-19,12.1,6.2,18.9,43.4,0.0,8.9,2026-10-09 17:49:40.937238
6c77d0fbb989f74db9a5ce49f319caaa,New Orleans,US,2026-10-19,18.7,14.2,23.6,44.4,0.0,18.6,2026-10-09 17:49:40.937238
4c6cda3d7f2f3dafc99fdb6324495104,New York,US,2026-10-19,8.5,4.8,12.3,35.0,0.0,13.6,2026-10-09 17:49:40.937238
38cf4703522638c98c2720f8f27ce58f,Oakland,US,2026-10-19,20.6,14.7,29.2,42.3,0.0,10.8,2026-10-09 17:49:40.937238
0226516ff69b1892972c1171b4f85863,Oklahoma City,US,2026-10-19,12.6,6.1,21.1,41.5,0.0,25.0,2026-10-09 17:49:40.937238
91218c72ef48f32e34fd7f59f8b82c2b,Omaha,US,2026-10-19,11.4,6.3,18.6,54.9,0.0,15.6,2026-10-09 17:49:40.937238
f39124788712818b60323bad82fccaaa,Philadelphia,US,2026-10-19,7.8,3.6,12.2,38.6,0.0,8.0,2026-10-09 17:49:40.937238
a336fcdfb981650b5e14dd87f6af7a7e,Phoenix,US,2026-10-19,29.2,25.8,32.0,26.2,0.0,13.0,2026-10-09 17:49:40.937238
6618c339b315c96fbba79346c5e30193,Portland,US,2026-10-19,16.8,11.6,23.3,58.9,0.0,5.4,2026-10-09 17:49:40.937238
4fcf8b18b953b57edb3fae159aaf96f2,Raleigh,US,2026-10-19,10.3,6.1,14.7,40.7,0.0,11.7,2026-10-09 17:49:40.937238
dc8f4c180cf9369548b641e457a7c077,Sacramento,US,2026-10-19,24.5,18.9,31.7,20.2,0.0,12.0,2026-10-09 17:49:40.937238
c4da5f7cf4d9b09a1ba1b57d250f3caf,San Antonio,US,2026-10-19,16.0,10.5,22.6,32.8,0.0,13.4,2026-10-09 17:49:40.937238
88eed9d914cccbc00e211398b351a94c,San Diego,US,2026-10-19,27.0,24.9,29.5,39.9,0.0,15.3,2026-10-09 17:49:40.937238
928c840168936cce49bbfa74efcd6dd0,San Francisco,US,2026-10-19,20.7,17.6,26.3,45.0,0.0,9.7,2026-10-09 17:49:40.937238
8b55266f10db3643cb8d84ae9fbd5399,San Jose,US,2026-10-19,25.0,20.0,32.5,23.0,0.0,12.5,2026-10-09 17:49:40.937238
70eb68bd4fcb9c5a827e1f3a54a2b23d,Sao Paulo,BR,2026-10-19,17.5,15.1,19.7,81.7,0.6,14.0,2026-10-09 17:49:40.937238
a94359a4d327661ae88564d915c39af9,Seattle,US,2026-10-19,13.7,10.7,19.5,70.5,0.0,6.2,2026-10-09 17:49:40.937238
0f8bb2ba209339652107212bc068a18e,Sydney,AU,2026-10-19,19.0,17.3,20.9,86.7,1.8,15.1,2026-10-09 17:49:40.937238
2455935a49e56117d04c4f7a69387d1d,Tampa,US,2026-10-19,23.8,20.5,28.9,70.7,0.3,26.9,2026-10-09 17:49:40.937238
471def155b3dfb5e1b9facf6dd54065d,Tokyo,JP,2026-10-19,21.8,18.7,26.6,73.3,0.0,7.1,2026-10-09 17:49:40.937238
e5f7e9abe2cef3f4943b37a1b6d12675,Tucson,US,2026-10-19,26.5,22.9,30.1,32.3,0.0,14.6,2026-10-09 17:49:40.937238
096ee96f4306a67f71118d35298ae3be,Tulsa,US,2026-10-19,14.6,9.1,21.3,33.4,0.0,16.3,2026-10-09 17:49:40.937238
a7d080864e327bfe02b3c9ad5e4a6629,Virginia Beach,US,2026-10-19,11.7,9.7,13.7,62.0,0.0,24.3,2026-10-09 17:49:40.937238
050e96e07366503be0c16237ed2ed150,Washington,US,2026-10-19,8.0,3.3,12.9,39.6,0.0,8.1,2026-10-09 17:49:40.937238
48e99ae104e29bcdc69edcd3691a2586,Albuquerque,US,2026-10-20,19.7,17.0,23.5,42.0,0.3,14.6,2026-10-09 17:49:40.937238
d2d86195573c742fcf2d15fe254361ad,Arlington,US,2026-10-20,19.0,14.8,23.6,28.4,0.0,15.9,2026-10-09 17:49:40.937238
a48c1c3c21eea33442078a6700fa8481,Atlanta,US,2026-10-20,13.4,8.0,19.5,35.1,0.0,13.9,2026-10-09 17:49:40.937238
736b09bc9c493354da8ebce2ff47b7a4,Austin,US,2026-10-20,20.0,15.4,26.0,25.1,0.0,12.9,2026-10-09 17:49:40.937238
9f88c2620a3012764b0d5d42b2f6a3c7,Baltimore,US,2026-10-20,10.0,6.9,13.8,39.6,0.0,8.5,2026-10-09 17:49:40.937238
bf856231fd60500ce2f2bef0afc95b14,Boston,US,2026-10-20,7.9,4.6,10.9,43.4,0.0,12.0,2026-10-09 17:49:40.937238
c7e2d16d05ed4d060a6f09904872f715,Charlotte,US,2026-10-20,10.4,4.8,16.3,43.2,0.0,10.0,2026-10-09 17:49:40.937238
af85a88431ac67a95ae98c32194e4e19,Chicago,US,2026-10-20,12.0,7.9,16.4,40.3,0.0,9.7,2026-10-09 17:49:40.937238
3e9b451a20861cbc5828a1af619c2bc3,Colorado Springs,US,2026-10-20,15.5,11.2,21.1,37.3,0.0,20.6,2026-10-09 17:49:40.937238
057f65652107acf3337ea09466426f45,Columbus,US,2026-10-20,10.1,6.0,15.1,41.9,0.0,7.4,2026-10-09 17:49:40.937238
3722e70829a4b195f19bd02b04c3bcda,Dallas,US,2026-10-20,18.0,13.6,23.2,33.9,0.0,16.0,2026-10-09 17:49:40.937238
fa6b909e5aa7db5e008b202377881520,Denver,US,2026-10-20,18.6,14.0,23.9,22.5,0.0,12.2,2026-10-09 17:49:40.937238
bfc65de9844eb497b78cd54d4a461a6b,Detroit,US,2026-10-20,11.0,7.9,15.0,44.2,0.0,7.0,2026-10-09 17:49:40.937238
143704709cb8d8a2e575e382a9eda0a9,El Paso,US,2026-10-20,21.6,18.9,25.9,34.8,1.2,19.7,2026-10-09 17:49:40.937238
a051e85fc44cac9d2bdc72123eb7a763,Fort Worth,US,2026-10-20,17.7,12.8,23.4,33.0,0.0,15.6,2026-10-09 17:49:40.937238
39cc2b79a20b9c2fc9e7b12b3cb38dba,Fresno,US,2026-10-20,27.4,22.2,33.9,21.3,0.0,10.8,2026-10-09 17:49:40.937238
c4d0dab8abafa06dcbd318359efae833,Houston,US,2026-10-20,20.5,15.0,26.8,28.8,0.0,14.7,2026-10-09 17:49:40.937238
cbff9988adeefad5c27e7b559df088ea,Indianapolis,US,2026-10-20,11.2,6.3,16.9,43.0,0.0,8.2,2026-10-09 17:49:40.937238
349ef7d93b2c292cb93ef6296cfc6ad7,Jacksonville,US,2026-10-20,21.9,19.9,23.4,67.8,0.0,18.4,2026-10-09 17:49:40.937238
21336a997c572f8fc09f9df7e8aea70d,Kansas City,US,2026-10-20,14.1,9.0,20.7,47.8,0.0,16.3,2026-10-09 17:49:40.937238
256d6361d3dd157f28f883f5dc950056,Las Vegas,US,2026-10-20,27.4,24.9,29.9,23.8,0.0,14.3,2026-10-09 17:49:40.937238
07ac5753a6be268d223d2a005ae61037,London,GB,2026-10-20,12.0,8.8,14.7,76.3,7.2,20.8,2026-10-09 17:49:40.937238
e0d2f07bb14615b95d9d732ee1c96cbd,Long Beach,US,2026-10-20,26.1,24.1,29.9,44.8,0.0,14.6,2026-10-09 17:49:40.937238
5ac31451d5c612a359cbcdcf37644e1f,Los Angeles,US,2026-10-20,26.9,24.4,31.3,37.8,0.0,16.4,2026-10-09 17:49:40.937238
4f9027f00b130d190c701b7a0ca06543,Louisville,US,2026-10-20,12.3,7.0,19.0,37.2,0.0,7.1,2026-10-09 17:49:40.937238
8bc91c1f1f2ac5b9eef34fa203390722,Memphis,US,2026-10-20,16.8,11.5,23.6,36.2,0.0,12.5,2026-10-09 17:49:40.937238
d4d2f6338fa351144807044ebe67ec6d,Mesa,US,2026-10-20,29.3,25.0,33.1,28.4,0.0,11.4,2026-10-09 17:49:40.937238
202ac625df721a79144ad67fdedc806a,Miami,US,2026-10-20,27.9,27.1,28.9,68.3,0.3,18.8,2026-10-09 17:49:40.937238
bee5784fc55380251a3205ff87a77821,Milwaukee,US,2026-10-20,10.6,6.9,14.5,56.3,0.0,13.6,2026-10-09 17:49:40.937238
a8ed479b68720e2f7bf943363bb22fc4,Minneapolis,US,2026-10-20,12.8,8.0,18.7,54.1,0.0,19.2,2026-10-09 17:49:40.937238
8d525405585975934fca6f0d076ea1f2,Nashville,US,2026-10-20,14.5,9.5,20.2,46.3,0.0,6.2,2026-10-09 17:49:40.937238
de9d4a89d1f54a4071d7138fc93f6077,New Orleans,US,2026-10-20,20.8,16.9,25.2,52.6,0.0,14.1,2026-10-09 17:49:40.937238
02712fc0675df7af9fcfbab35c546e39,New York,US,2026-10-20,10.4,7.5,13.1,33.6,0.0,8.7,2026-10-09 17:49:40.937238
8a7c037ee6bc5bd3751b2bdacd953048,Oakland,US,2026-10-20,17.0,13.0,24.0,69.1,0.0,14.7,2026-10-09 17:49:40.937238
10be8cbd98996b60747e0d637eab5c45,Oklahoma City,US,2026-10-20,14.5,8.0,23.1,39.9,0.0,24.6,2026-10-09 17:49:40.937238
242ce1ac090e6456b03995be2da32ed7,Omaha,US,2026-10-20,13.5,7.9,21.2,58.2,0.0,27.4,2026-10-09 17:49:40.937238
23a092ad355967905e0c4cd01d9cb6a1,Philadelphia,US,2026-10-20,10.2,7.0,14.3,39.0,0.0,7.3,2026-10-09 17:49:40.937238
89d6116c45ac99ccf82990a75a2ad0d9,Phoenix,US,2026-10-20,30.5,27.0,33.4,25.9,0.0,8.7,2026-10-09 17:49:40.937238
e428317370844012edccc10b9c5ae7d4,Portland,US,2026-10-20,15.6,12.5,20.3,73.5,0.0,5.7,2026-10-09 17:49:40.937238
0600fa677dbc2f211bebc79f0af637d6,Raleigh,US,2026-10-20,11.5,6.3,17.4,52.6,0.0,10.2,2026-10-09 17:49:40.937238
b2e9a2199ec744f8d9e7fadd0ea2b511,Sacramento,US,2026-10-20,22.5,17.6,29.3,30.2,0.0,14.3,2026-10-09 17:49:40.937238
a0399741cbeeb3e7b31c0b194f3e2b5b,San Antonio,US,2026-10-20,18.1,12.5,25.1,32.0,0.0,13.4,2026-10-09 17:49:40.937238
c2ef905023eb88ddf711bffa7805a204,San Diego,US,2026-10-20,25.0,23.6,27.0,55.9,0.0,13.6,2026-10-09 17:49:40.937238
d1715be56db3c5b4e46a60761e3e750e,San Francisco,US,2026-10-20,17.5,15.1,21.4,67.8,0.0,13.8,2026-10-09 17:49:40.937238
a704aad53e0d18de85717d5f91b25dba,San Jose,US,2026-10-20,22.2,17.3,29.4,31.0,0.0,12.3,2026-10-09 17:49:40.937238
72aa645c692342f3f07630e5a09d6363,Sao Paulo,BR,2026-10-20,16.9,15.6,18.6,94.1,44.0,11.2,2026-10-09 17:49:40.937238
8ed54ab1127ea322bf0250db3e637820,Seattle,US,2026-10-20,12.2,10.3,15.5,82.6,0.0,6.9,2026-10-09 17:49:40.937238
ea2101c9e6aaaaedaf03ced3306c64ee,Sydney,AU,2026-10-20,19.5,15.3,22.9,81.0,0.0,22.1,2026-10-09 17:49:40.937238
eaa48294bafdde2ee4fc7ed3ad2d6f5f,Tampa,US,2026-10-20,24.6,22.2,27.7,72.4,0.0,24.8,2026-10-09 17:49:40.937238
b00b424cf2bbb81e5875de446ae3d8a8,Tokyo,JP,2026-10-20,17.0,15.1,19.1,85.6,9.4,10.1,2026-10-09 17:49:40.937238
b3f7b5cea812045415fefeeab350059d,Tucson,US,2026-10-20,27.8,24.7,31.2,27.4,0.0,14.2,2026-10-09 17:49:40.937238
7087c4536fe324e2b0165840b8a63673,Tulsa,US,2026-10-20,16.6,11.3,23.4,33.9,0.0,15.1,2026-10-09 17:49:40.937238
b46153da01b2587aa5fc5d080e0d67eb,Virginia Beach,US,2026-10-20,14.8,13.5,16.8,70.3,0.9,24.8,2026-10-09 17:49:40.937238
6151153955c5a6b73d25136817d621bb,Washington,US,2026-10-20,10.1,7.0,14.0,41.5,0.0,8.6,2026-10-09 17:49:40.937238
c9824c463a14f1e79faf5b78cce1af14,Albuquerque,US,2026-10-21,18.9,15.8,22.9,50.2,0.9,10.1,2026-10-09 17:49:40.937238
4785aae5c75159a2be9b4d2fba32e063,Arlington,US,2026-10-21,20.4,16.2,24.9,29.4,0.0,14.7,2026-10-09 17:49:40.937238
6207e426507dbab7f3c49db5979b8a20,Atlanta,US,2026-10-21,14.9,9.4,21.0,30.4,0.0,14.1,2026-10-09 17:49:40.937238
cb1b5f445a2c97cbfe7df26b572c24e0,Austin,US,2026-10-21,21.3,16.4,27.2,27.6,0.0,11.3,2026-10-09 17:49:40.937238
165ae14fc04c6602db2e8b08c1ccc778,Baltimore,US,2026-10-21,11.5,7.1,16.6,46.2,0.0,8.7,2026-10-09 17:49:40.937238
178c086bb7e447d4a0f8dcafb7d797e5,Boston,US,2026-10-21,8.3,5.3,10.5,51.5,0.0,15.1,2026-10-09 17:49:40.937238
4b4aaf7fc69f6fcaaade3df71cc0f7f1,Charlotte,US,2026-10-21,11.6,6.0,17.9,56.0,0.0,12.6,2026-10-09 17:49:40.937238
e85e0a0e6f622c50ccc51dac329b1e6c,Chicago,US,2026-10-21,13.9,9.4,18.6,41.8,0.0,16.6,2026-10-09 17:49:40.937238
9b02e8c4113fffddc9cdcf2f203c091a,Colorado Springs,US,2026-10-21,16.5,13.4,21.0,28.0,0.0,24.7,2026-10-09 17:49:40.937238
56f4afa4b7456334b3811d3c1ab750f1,Columbus,US,2026-10-21,11.4,6.5,16.9,41.6,0.0,7.9,2026-10-09 17:49:40.937238
4da9b62850d853571d8fca9b872dfff6,Dallas,US,2026-10-21,19.4,14.9,24.7,34.3,0.0,13.3,2026-10-09 17:49:40.937238
d3d700b817a750d70406313ef1248187,Denver,US,2026-10-21,18.4,15.2,23.3,22.5,0.0,15.1,2026-10-09 17:49:40.937238
177d2639ed312baab7691de835d79724,Detroit,US,2026-10-21,11.9,8.4,15.8,51.0,0.0,14.5,2026-10-09 17:49:40.937238
d39cfca0a20994880e12b41eb5edd49f,El Paso,US,2026-10-21,20.9,17.5,24.9,35.0,0.6,16.5,2026-10-09 17:49:40.937238
402ef055642d8c8e7a2b25371456b444,Fort Worth,US,2026-10-21,19.1,14.3,24.5,34.9,0.0,15.0,2026-10-09 17:49:40.937238
8d1f3d6696a4e40bf8b2d999ebca6578,Fresno,US,2026-10-21,23.8,19.3,30.3,32.1,0.0,18.7,2026-10-09 17:49:40.937238
d86b48447e3da0a73a4ee43e14ba4e76,Houston,US,2026-10-21,21.5,16.0,27.5,31.3,0.0,13.6,2026-10-09 17:49:40.937238
abe1e6ec5d0d087811a579fcf068be86,Indianapolis,US,2026-10-21,12.7,7.5,18.8,42.3,0.0,10.9,2026-10-09 17:49:40.937238
0539e2c63e17eb20d76410a51bb34d04,Jacksonville,US,2026-10-21,20.9,17.9,24.4,65.0,0.0,17.6,2026-10-09 17:49:40.937238
6893f2ddfffce74fcdb902ae7db05cb6,Kansas City,US,2026-10-21,15.5,10.3,22.1,47.7,0.0,17.4,2026-10-09 17:49:40.937238
a1f519e2af5bffe46b739cbee192bd1e,Las Vegas,US,2026-10-21,27.7,25.2,31.0,25.2,0.0,13.4,2026-10-09 17:49:40.937238
277175e0d7a23436aa401fd74a224887,London,GB,2026-10-21,7.7,5.5,10.0,80.0,0.0,10.8,2026-10-09 17:49:40.937238
c8a88e791cd5e8304532065d26116822,Long Beach,US,2026-10-21,24.2,22.5,27.0,50.0,0.0,16.8,2026-10-09 17:49:40.937238
b069a5988dcb9fc6301f33d2e46fbcfb,Los Angeles,US,2026-10-21,25.3,23.2,28.3,42.3,0.0,16.3,2026-10-09 17:49:40.937238
eedaa154ba0f4e19e36d5d807ccbe7ee,Louisville,US,2026-10-21,13.2,7.3,19.9,36.6,0.0,8.2,2026-10-09 17:49:40.937238
af3ab5e4b580c519df62de763fd5dd4b,Memphis,US,2026-10-21,18.1,12.6,24.8,34.6,0.0,12.2,2026-10-09 17:49:40.937238
04bab3368f5311cbfda5cff203a7c2b7,Mesa,US,2026-10-21,29.3,26.1,32.1,28.1,0.0,12.2,2026-10-09 17:49:40.937238
9632b88f7dc56437444709e35561037a,Miami,US,2026-10-21,26.8,26.1,27.5,72.0,5.1,18.5,2026-10-09 17:49:40.937238
12e79aba32f74c98bf8a810dae77018b,Milwaukee,US,2026-10-21,12.8,8.6,17.8,54.7,0.0,18.3,2026-10-09 17:49:40.937238
617cf0ed6bdb6f8b7b6ef1f9c6ac0b45,Minneapolis,US,2026-10-21,15.5,11.5,21.2,52.9,0.0,17.0,2026-10-09 17:49:40.937238
7a3c7b7db84963d9196d4d42221d546e,Nashville,US,2026-10-21,15.0,9.8,21.3,38.6,0.0,12.6,2026-10-09 17:49:40.937238
e3d6f5693ddf5f55e5eefd4f7cb8a556,New Orleans,US,2026-10-21,20.8,17.1,24.6,42.3,0.0,17.7,2026-10-09 17:49:40.937238
d0f0b1db0911f39ea03b81ea5fbf0be9,New York,US,2026-10-21,11.5,7.9,15.0,40.1,0.0,13.6,2026-10-09 17:49:40.937238
b37216ca339f86a02737afdd206b2364,Oakland,US,2026-10-21,14.7,12.5,18.7,78.6,0.0,18.8,2026-10-09 17:49:40.937238
9e55ea0c681b181c58741e2abba61362,Oklahoma City,US,2026-10-21,16.1,10.0,24.4,41.0,0.0,27.6,2026-10-09 17:49:40.937238
c900fb4c11666e6cdef23e48e845d512,Omaha,US,2026-10-21,15.4,9.4,23.8,49.8,0.0,17.7,2026-10-09 17:49:40.937238
750b5487981450d1f841f0a4b75e63bb,Philadelphia,US,2026-10-21,11.2,6.9,16.1,39.5,0.0,9.7,2026-10-09 17:49:40.937238
ff4bc8ee7081e344aad68aac8f7c59a4,Phoenix,US,2026-10-21,30.4,27.4,32.5,25.7,0.0,11.5,2026-10-09 17:49:40.937238
efcbfe27e66d1433070b31b77cb5b0d5,Portland,US,2026-10-21,16.1,10.8,22.8,63.0,6.0,7.2,2026-10-09 17:49:40.937238
0d1afb8de3e1ab3d492299467bc38825,Raleigh,US,2026-10-21,13.7,9.6,19.5,60.8,0.0,14.2,2026-10-09 17:49:40.937238
665c48c2f9749f964072e9e59c8f4b79,Sacramento,US,2026-10-21,18.2,14.1,23.6,55.2,0.3,12.4,2026-10-09 17:49:40.937238
307144c5ff569373087dccee86aec4ff,San Antonio,US,2026-10-21,19.6,14.2,26.5,33.6,0.0,15.9,2026-10-09 17:49:40.937238
f4aa34a571245d30df7bc7ef1a72207e,San Diego,US,2026-10-21,24.1,22.4,27.1,58.5,0.0,16.1,2026-10-09 17:49:40.937238
8650d33d441698b2191174c9ae1e950f,San Francisco,US,2026-10-21,15.8,14.4,17.3,72.5,0.0,16.2,2026-10-09 17:49:40.937238
8c6da536421d59e9b091bcb3ea909b3c,San Jose,US,2026-10-21,17.8,14.3,23.6,57.6,0.0,12.4,2026-10-09 17:49:40.937238
2743b5df748dd89b67737eccfd4197f7,Sao Paulo,BR,2026-10-21,20.5,16.8,24.5,88.0,38.8,17.0,2026-10-09 17:49:40.937238
337d20b44b3a3ca51b2255a951570421,Seattle,US,2026-10-21,12.1,8.6,17.6,70.2,0.0,11.7,2026-10-09 17:49:40.937238
b360cc837feefa24053bcf7058178305,Sydney,AU,2026-10-21,19.0,14.2,24.4,75.1,12.6,21.8,2026-10-09 17:49:40.937238
010663204f9065c3fe871de4ec2ee78b,Tampa,US,2026-10-21,23.2,19.6,28.9,67.0,0.0,18.1,2026-10-09 17:49:40.937238
d7fb563edf95a5bcd37278c0edaa5c3c,Tokyo,JP,2026-10-21,16.2,14.7,18.4,92.7,12.8,11.0,2026-10-09 17:49:40.937238
c8c93386e7237ee4d0c67f0deb8c7386,Tucson,US,2026-10-21,27.1,23.6,30.3,27.8,0.0,14.3,2026-10-09 17:49:40.937238
159cc82e58c8154e8390e7157ad1d332,Tulsa,US,2026-10-21,18.1,12.6,25.0,33.3,0.0,18.0,2026-10-09 17:49:40.937238
3d28ac9f43d027caa113478606bc78f4,Virginia Beach,US,2026-10-21,16.5,16.0,17.0,63.3,0.0,29.1,2026-10-09 17:49:40.937238
081d15fd6daf1050125796bf7059bf14,Washington,US,2026-10-21,11.6,7.0,17.1,49.7,0.0,9.2,2026-10-09 17:49:40.937238
d8b126fa0f03172d8f4112723b6924cf,Albuquerque,US,2026-10-22,19.8,16.8,23.1,39.6,0.0,12.7,2026-10-09 17:49:40.937238
5a6d7d129887a4dff86cc3c08de349ba,Arlington,US,2026-10-22,21.5,17.2,25.9,29.0,0.0,8.2,2026-10-09 17:49:40.937238
f89f3db2c250e9588b7af36a935f7a70,Atlanta,US,2026-10-22,16.0,10.6,22.1,46.9,0.0,12.2,2026-10-09 17:49:40.937238
70dbcce46d5c4db51f5a679a46039132,Austin,US,2026-10-22,22.4,17.8,28.3,29.0,0.0,9.9,2026-10-09 17:49:40.937238
433f6d4ac7b17355feadabf7b7b3b0c6,Baltimore,US,2026-10-22,13.1,8.8,18.3,55.4,0.0,8.6,2026-10-09 17:49:40.937238
870f58a3a8993279a801cf004408b940,Boston,US,2026-10-22,10.0,6.5,14.5,56.5,0.0,14.3,2026-10-09 17:49:40.937238
93e577426235c6ae0456c3af97681961,Charlotte,US,2026-10-22,13.4,7.7,19.8,57.8,0.0,12.7,2026-10-09 17:49:40.937238
d87ab717608096d67d8af27d0fabdd93,Chicago,US,2026-10-22,14.1,11.5,18.3,61.3,0.0,24.5,2026-10-09 17:49:40.937238
e10e1ca5ccc84b7afe1146577426149c,Colorado Springs,US,2026-10-22,15.1,11.6,19.7,33.7,0.0,19.3,2026-10-09 17:49:40.937238
5772e29e182fa1287da9b0a6c87fbe50,Columbus,US,2026-10-22,13.4,7.9,19.9,46.4,0.0,16.8,2026-10-09 17:49:40.937238
a7c5e1305089aaa5d2739fe99bcd2410,Dallas,US,2026-10-22,20.5,16.1,25.5,33.0,0.0,8.1,2026-10-09 17:49:40.937238
de29a11e6365d1dddfcecfd4c0b3895f,Denver,US,2026-10-22,17.2,12.8,22.7,28.8,0.0,8.6,2026-10-09 17:49:40.937238
ff07abd51a24d29682eb1d406ec3ecb0,Detroit,US,2026-10-22,14.2,9.4,20.1,51.0,0.0,23.9,2026-10-09 17:49:40.937238
1b9dd81137cad41d02f02e9c9346c7f3,El Paso,US,2026-10-22,22.3,18.7,26.1,33.3,0.0,14.5,2026-10-09 17:49:40.937238
76f7ac2855991e4854bf3c736475ec02,Fort Worth,US,2026-10-22,20.1,15.4,25.3,34.7,0.0,10.0,2026-10-09 17:49:40.937238
299316244ce4eaab10226bd546286eea,Fresno,US,2026-10-22,19.9,14.8,25.5,43.0,0.0,16.7,2026-10-09 17:49:40.937238
9b0955afc19442b1b8658193a7f93fd5,Houston,US,2026-10-22,22.3,17.2,28.0,28.4,0.0,14.0,2026-10-09 17:49:40.937238
50b3b1fa18e198c0e6a802ea94bda316,Indianapolis,US,2026-10-22,15.0,9.2,21.9,42.0,0.0,22.3,2026-10-09 17:49:40.937238
1d7e8e7f235366984a8808394fffc625,Jacksonville,US,2026-10-22,20.0,17.0,21.7,75.3,1.2,10.8,2026-10-09 17:49:40.937238
51c07a49b4ee83414f272c441cb3c447,Kansas City,US,2026-10-22,16.7,11.7,23.3,48.2,0.0,16.7,2026-10-09 17:49:40.937238
0d168fb9693236f9af593d1c1906cbcb,Las Vegas,US,2026-10-22,27.1,24.8,29.3,22.6,0.0,23.5,2026-10-09 17:49:40.937238
b7604ba3fa30202686c68072e2f0f8de,London,GB,2026-10-22,9.0,4.7,13.4,83.6,6.0,28.6,2026-10-09 17:49:40.937238
1890598259d9d5365ae087b0d81d052f,Long Beach,US,2026-10-22,23.5,21.7,26.7,51.5,0.0,16.9,2026-10-09 17:49:40.937238
26841d15361006320a4e3c88855f9ff9,Los Angeles,US,2026-10-22,24.2,22.2,27.9,43.5,0.0,16.5,2026-10-09 17:49:40.937238
8d82f5ece8d06dcc4a137a872190166d,Louisville,US,2026-10-22,15.7,9.9,22.8,36.5,0.0,15.5,2026-10-09 17:49:40.937238
697faf056fa50b167f65b0623653ee27,Memphis,US,2026-10-22,19.3,13.8,25.5,30.3,0.0,15.6,2026-10-09 17:49:40.937238
6881111050cadd96d70373da2cdcb163,Mesa,US,2026-10-22,29.3,26.2,32.8,26.8,0.0,13.7,2026-10-09 17:49:40.937238
f4ef8f231e763453366654f62afab1d8,Miami,US,2026-10-22,27.0,25.5,29.2,58.0,0.6,21.3,2026-10-09 17:49:40.937238
13ce564042d5063bc66366ba4f41fac0,Milwaukee,US,2026-10-22,12.8,10.5,15.2,65.3,0.0,23.5,2026-10-09 17:49:40.937238
a714dd602e48183c298333b03619f8ad,Minneapolis,US,2026-10-22,12.2,8.5,16.2,45.9,0.0,12.0,2026-10-09 17:49:40.937238
c3e141a9c517f3e3eed43c28c8fbe9ad,Nashville,US,2026-10-22,16.4,10.9,22.8,39.2,0.0,15.1,2026-10-09 17:49:40.937238
154aaefd5b35108017c4d827c8225cf8,New Orleans,US,2026-10-22,20.8,16.8,24.3,49.8,0.0,16.8,2026-10-09 17:49:40.937238
ba2f1d9e43f435569b2fc14057d9f042,New York,US,2026-10-22,12.5,9.9,14.5,49.8,0.0,14.6,2026-10-09 17:49:40.937238
1d58ba538ac2f61521d691fcb22440c4,Oakland,US,2026-10-22,14.8,11.0,21.3,75.9,0.0,14.3,2026-10-09 17:49:40.937238
c828743b2093c90aa9845419ae8e156a,Oklahoma City,US,2026-10-22,17.4,11.3,25.6,42.4,0.0,20.2,2026-10-09 17:49:40.937238
821336eebc29a83f9e60071b41151e30,Omaha,US,2026-10-22,14.9,10.2,21.0,59.5,0.0,27.2,2026-10-09 17:49:40.937238
8f3b5b963b87afc766d855f6dbf7baa0,Philadelphia,US,2026-10-22,12.5,8.3,17.4,47.6,0.0,11.6,2026-10-09 17:49:40.937238
65979b5d0c833f04aed0c4f58d8ab888,Phoenix,US,2026-10-22,30.4,27.5,33.0,24.4,0.0,9.9,2026-10-09 17:49:40.937238
172a94aac21cf8f259cf6d2fa1f1a8c8,Portland,US,2026-10-22,13.1,9.7,15.1,79.7,23.7,17.1,2026-10-09 17:49:40.937238
4ba64f4efec39c689c925f5c80405bf7,Raleigh,US,2026-10-22,14.4,9.1,20.4,58.7,0.0,9.2,2026-10-09 17:49:40.937238
a69be2b6648f23805d5ecb305d34b902,Sacramento,US,2026-10-22,17.4,12.5,23.6,53.6,0.0,9.1,2026-10-09 17:49:40.937238
cc80d44bb5ee010c889da0cc9351672b,San Antonio,US,2026-10-22,20.7,15.5,27.5,39.3,0.0,15.2,2026-10-09 17:49:40.937238
de02199e19f1b07243f8318d7fa82935,San Diego,US,2026-10-22,22.8,21.3,25.2,63.1,0.0,17.7,2026-10-09 17:49:40.937238
c5435015f390e5a26bde9aa81bcffb70,San Francisco,US,2026-10-22,15.8,13.9,19.0,74.6,0.0,19.0,2026-10-09 17:49:40.937238
c53c4350f376dbc40c874480cae6304a,San Jose,US,2026-10-22,17.0,13.4,22.4,60.0,0.0,14.0,2026-10-09 17:49:40.937238
492b035e0f65c87fdecf184fa40ed565,Sao Paulo,BR,2026-10-22,22.4,19.1,25.0,86.0,6.8,23.6,2026-10-09 17:49:40.937238
523547552dbce006ac82c82be96f7faa,Seattle,US,2026-10-22,10.8,9.1,12.5,85.7,9.9,12.8,2026-10-09 17:49:40.937238
5a5441928bbb8ff592db23adc261e938,Sydney,AU,2026-10-22,17.1,13.8,19.8,67.1,3.0,19.9,2026-10-09 17:49:40.937238
d8af3e475ed82157365aa3f265d49f1d,Tampa,US,2026-10-22,21.5,17.3,26.1,75.0,0.3,15.5,2026-10-09 17:49:40.937238
df4aab6609e408174f4e9540b9e970db,Tokyo,JP,2026-10-22,21.9,18.5,24.7,83.8,0.0,12.0,2026-10-09 17:49:40.937238
f43f8e564d7a05ba4a8c1fca37efd83a,Tucson,US,2026-10-22,27.7,24.6,30.9,23.8,0.0,12.5,2026-10-09 17:49:40.937238
798819ad6e1f9501384dffe26efd565b,Tulsa,US,2026-10-22,19.3,13.8,26.0,36.2,0.0,18.8,2026-10-09 17:49:40.937238
7bcdeb1ab42e3248ab6109e43c82115c,Virginia Beach,US,2026-10-22,16.4,15.8,17.1,59.9,0.0,19.2,2026-10-09 17:49:40.937238
f4caa8558a19214a7f60bf7cdc0b2bab,Washington,US,2026-10-22,12.9,8.3,18.5,56.8,0.0,8.7,2026-10-09 17:49:40.937238
d52c6bf5c25713cdbd17ef7a50ff3abe,Albuquerque,US,2026-10-23,18.6,15.6,22.6,43.0,1.0,17.3,2026-10-09 17:49:40.937238
93811d20eb5aec70f3a664024fc1ece6,Arlington,US,2026-10-23,22.0,17.5,26.9,30.2,0.0,23.5,2026-10-09 17:49:40.937238
304916bfee8db763030eefd7cce03ae6,Atlanta,US,2026-10-23,17.8,12.2,24.0,39.1,0.0,15.0,2026-10-09 17:49:40.937238
4f588f4c65665cbf9f08281fcbac4336,Austin,US,2026-10-23,22.3,17.1,28.5,42.9,0.0,24.2,2026-10-09 17:49:40.937238
966303b06df3af06b3d9647318861364,Baltimore,US,2026-10-23,15.5,10.2,21.6,54.7,0.0,14.1,2026-10-09 17:49:40.937238
4591eb11eb5e38cdbaa644e50fa59ce1,Boston,US,2026-10-23,13.2,9.9,17.9,61.7,0.0,19.8,2026-10-09 17:49:40.937238
feaab47d56dec04f1155eceb2f040db7,Charlotte,US,2026-10-23,15.7,9.5,23.2,49.4,0.0,9.7,2026-10-09 17:49:40.937238
0cf55ce624d9100fc5062cc89398c075,Chicago,US,2026-10-23,14.6,11.0,19.0,72.0,0.0,8.6,2026-10-09 17:49:40.937238
a2ca1b1a47ebf6098fc64961dad7c755,Colorado Springs,US,2026-10-23,16.1,12.6,20.2,34.2,0.0,18.1,2026-10-09 17:49:40.937238
6fb15a9bd4205752fb57f738b090407b,Columbus,US,2026-10-23,15.2,10.4,20.8,58.0,0.0,18.8,2026-10-09 17:49:40.937238
933f295da8f23d5bcf6db9a81f676bac,Dallas,US,2026-10-23,21.5,17.0,26.7,33.8,0.0,23.6,2026-10-09 17:49:40.937238
81bf928362095089cc5dd205914a48bb,Denver,US,2026-10-23,18.1,14.7,22.8,30.1,0.0,22.3,2026-10-09 17:49:40.937238
d408211db3f5ceaaa5c4fcaadb051786,Detroit,US,2026-10-23,13.3,9.4,17.7,37.3,0.0,20.3,2026-10-09 17:49:40.937238
65ba8408fd7d707bb0d94ba1927ee77e,El Paso,US,2026-10-23,22.7,20.7,25.5,35.6,0.3,12.6,2026-10-09 17:49:40.937238
16f63bfc04fe12cba1006014a9e71816,Fort Worth,US,2026-10-23,20.8,16.1,26.2,35.1,0.0,25.0,2026-10-09 17:49:40.937238
a5d1edec0618fb1678ccb15afb8af4d2,Fresno,US,2026-10-23,20.2,16.3,25.1,31.7,0.0,11.8,2026-10-09 17:49:40.937238
ef268daf77d8b5e4f4c4555050b4563e,Houston,US,2026-10-23,23.1,18.9,28.5,42.2,0.0,20.8,2026-10-09 17:49:40.937238
b2e2d0971941eda4c44f9329508b2e82,Indianapolis,US,2026-10-23,16.7,11.8,22.7,45.3,0.0,20.5,2026-10-09 17:49:40.937238
44454a735c7b2364ba2cfeb35d727f55,Jacksonville,US,2026-10-23,22.6,19.7,26.0,66.9,0.3,19.4,2026-10-09 17:49:40.937238
3e93675bf7d22b473fe461ca32b88353,Kansas City,US,2026-10-23,17.8,13.0,23.9,47.0,0.0,17.9,2026-10-09 17:49:40.937238
d4bec2fbdda45cb3e10694927dc4e1ac,Las Vegas,US,2026-10-23,25.1,23.1,27.3,22.7,0.0,18.9,2026-10-09 17:49:40.937238
ec64d942b7102061695d41286a3b339a,London,GB,2026-10-23,8.9,6.5,10.7,67.8,0.0,27.7,2026-10-09 17:49:40.937238
8c53b264032929d9e4fa5f18c8f260ac,Long Beach,US,2026-10-23,21.0,19.8,22.7,63.9,0.0,11.7,2026-10-09 17:49:40.937238
b46e6184c222656873212ee6b39c875d,Los Angeles,US,2026-10-23,21.9,19.9,24.6,53.7,0.0,10.4,2026-10-09 17:49:40.937238
b43b10952c7e0e3c1ebef7b68076f7d8,Louisville,US,2026-10-23,17.3,11.6,24.2,41.8,0.0,15.0,2026-10-09 17:49:40.937238
125d3dbacefdc9446b2644c05e4ccf4c,Memphis,US,2026-10-23,20.3,14.9,26.1,28.6,0.0,20.9,2026-10-09 17:49:40.937238
677a5eb95271604d43d2150881348bbc,Mesa,US,2026-10-23,28.8,25.1,32.3,25.4,0.0,33.6,2026-10-09 17:49:40.937238
ba235586452bc2db88b6654f3d397ea9,Miami,US,2026-10-23,26.7,25.6,27.9,64.8,2.4,26.1,2026-10-09 17:49:40.937238
1b5259742c723a3a3382a221afb01b84,Milwaukee,US,2026-10-23,12.0,8.9,14.9,54.4,0.0,15.9,2026-10-09 17:49:40.937238
af7ec55dd84e6cefd7750e5a218b9b3e,Minneapolis,US,2026-10-23,14.2,8.1,21.1,45.6,0.0,21.1,2026-10-09 17:49:40.937238
b01ced9ff0a44f8529f945dc14446300,Nashville,US,2026-10-23,17.6,12.0,23.9,35.8,0.0,12.6,2026-10-09 17:49:40.937238
c0b3d2c45c42f5ec5752c32b4a50108f,New Orleans,US,2026-10-23,21.7,18.1,25.8,54.5,0.0,21.6,2026-10-09 17:49:40.937238
73f61832b537f2304e533e3d4942b37a,New York,US,2026-10-23,14.8,10.7,19.7,56.3,0.0,22.2,2026-10-09 17:49:40.937238
d636b61b0b5c53ecaf61f7915218ae0b,Oakland,US,2026-10-23,14.7,10.7,23.3,69.8,0.0,13.3,2026-10-09 17:49:40.937238
88b13a033394220beb3cf263f8a286d1,Oklahoma City,US,2026-10-23,18.6,12.1,26.5,39.8,0.0,28.5,2026-10-09 17:49:40.937238
9b04c1b5da597c149a1835ef6714ac86,Omaha,US,2026-10-23,17.1,11.4,24.7,55.5,0.0,25.9,2026-10-09 17:49:40.937238
00c272b11955ee895b764334b5bedb3b,Philadelphia,US,2026-10-23,14.6,9.5,20.3,59.9,0.0,19.0,2026-10-09 17:49:40.937238
67005d9a68d1f8c7bc2840fe2d73997e,Phoenix,US,2026-10-23,29.8,26.9,32.9,24.1,0.0,23.4,2026-10-09 17:49:40.937238
7a5e374100a09094432368d3e4421d73,Portland,US,2026-10-23,11.6,9.8,14.3,69.2,0.0,6.8,2026-10-09 17:49:40.937238
adcc419a664e00a704d3a76561dcfeea,Raleigh,US,2026-10-23,16.6,11.2,23.1,52.4,0.0,9.7,2026-10-09 17:49:40.937238
bfd6cd1607b42b04f593d46122695c77,Sacramento,US,2026-10-23,17.4,12.8,23.6,38.5,0.0,11.8,2026-10-09 17:49:40.937238
efad13154baf9f85fbb9af587fd6af85,San Antonio,US,2026-10-23,21.4,15.8,28.0,54.0,0.0,26.0,2026-10-09 17:49:40.937238
fce74311fed87eed3e657728a7faef2a,San Diego,US,2026-10-23,20.9,19.9,22.0,66.6,0.3,15.3,2026-10-09 17:49:40.937238
c11fdbe533ab99808274c511be12f2da,San Francisco,US,2026-10-23,15.0,12.6,18.3,69.7,0.0,19.2,2026-10-09 17:49:40.937238
d634238bc59e120cc2d6d57515d1b077,San Jose,US,2026-10-23,16.6,11.9,23.3,51.6,0.0,15.1,2026-10-09 17:49:40.937238
b35bc98b3232716c97b16fed1261fb19,Sao Paulo,BR,2026-10-23,21.8,17.4,24.6,88.8,15.66,18.8,2026-10-09 17:49:40.937238
f57795efae80e565c81653cd0a29b83d,Seattle,US,2026-10-23,10.2,7.9,13.0,80.4,0.0,8.1,2026-10-09 17:49:40.937238
5e5d755c4390540e26baf32345e82414,Sydney,AU,2026-10-23,17.8,13.6,21.3,79.8,1.2,11.6,2026-10-09 17:49:40.937238
e9d3bb61b6bf4dfe76996a148f2a3f23,Tampa,US,2026-10-23,23.2,19.1,28.8,72.3,0.0,30.0,2026-10-09 17:49:40.937238
52b9de69c586bab02d05d511a1ed6460,Tokyo,JP,2026-10-23,16.4,14.9,17.9,87.5,12.4,12.2,2026-10-09 17:49:40.937238
aeda1d0964f68fe8b33774dfdbdd3cc6,Tucson,US,2026-10-23,27.5,24.4,30.7,25.3,0.6,20.2,2026-10-09 17:49:40.937238
3b61d3309595461d5497b2920b186556,Tulsa,US,2026-10-23,20.1,14.8,26.7,35.5,0.0,23.0,2026-10-09 17:49:40.937238
0cb6a6627e0d17a2a2a5ce938974330b,Virginia Beach,US,2026-10-23,16.2,14.2,17.7,64.5,0.0,17.3,2026-10-09 17:49:40.937238
574b72e35b34859b3c6fad46268eecba,Washington,US,2026-10-23,15.3,9.7,21.9,55.0,0.0,12.0,2026-10-09 17:49:40.937238
9fe70500079cb14e0ba1ba0530108dcb,Albuquerque,US,2026-10-24,18.0,14.8,22.5,45.7,0.2,13.6,2026-10-09 17:49:40.937238
40ce04b2a0acc7e78581022ef64e4a77,Arlington,US,2026-10-24,22.6,18.5,26.5,42.8,0.0,13.8,2026-10-09 17:49:40.937238
e247769487b6d66be293a0e9d51fe57d,Atlanta,US,2026-10-24,18.6,13.2,24.4,39.0,0.0,24.0,2026-10-09 17:49:40.937238
90b9ff2f038065b2abfb8e6513cd688e,Austin,US,2026-10-24,23.3,18.7,28.5,57.2,0.0,17.1,2026-10-09 17:49:40.937238
e59e3b07c8a6dd18e9d7dc53ebd26606,Baltimore,US,2026-10-24,17.0,12.3,22.5,56.1,0.0,25.7,2026-10-09 17:49:40.937238
fa326c48262918e321bb37749761a575,Boston,US,2026-10-24,11.6,8.2,15.5,58.3,0.0,23.1,2026-10-09 17:49:40.937238
893d4904d1575d4da61f021c3beca34e,Charlotte,US,2026-10-24,16.7,11.1,23.6,50.3,0.0,20.5,2026-10-09 17:49:40.937238
3732b0e9dc13e79a2ec7eacee7ccfbf4,Chicago,US,2026-10-24,17.7,13.5,22.7,47.3,0.0,24.8,2026-10-09 17:49:40.937238
7272a8cb040b53b5293e12db6b10fbe3,Colorado Springs,US,2026-10-24,14.6,11.3,19.1,48.4,1.9,13.9,2026-10-09 17:49:40.937238
4a9d425371c190331d1e94c84bc01a3e,Columbus,US,2026-10-24,16.5,11.3,22.9,51.2,0.0,15.7,2026-10-09 17:49:40.937238
fbf12a1641ede1117bd32da1c25c8f8b,Dallas,US,2026-10-24,22.5,18.7,26.8,44.8,0.0,14.3,2026-10-09 17:49:40.937238
729e2f3e1d9baf8b21b2dfa2836d8ce7,Denver,US,2026-10-24,15.3,12.1,18.8,49.5,0.4,11.8,2026-10-09 17:49:40.937238
3a1a826d82def52bf93ebaea191f807b,Detroit,US,2026-10-24,16.0,10.8,22.3,47.6,0.0,23.2,2026-10-09 17:49:40.937238
ad24dbdeed51cb417dc05047b2741372,El Paso,US,2026-10-24,22.6,19.2,26.7,39.1,0.5,10.2,2026-10-09 17:49:40.937238
b8dc17a00cba69ce7bd148d9ce67ddaf,Fort Worth,US,2026-10-24,21.8,17.9,26.0,47.6,0.0,13.1,2026-10-09 17:49:40.937238
35172bcde744167ec64a14bfaa42706a,Fresno,US,2026-10-24,18.3,14.7,23.0,31.4,0.0,11.6,2026-10-09 17:49:40.937238
0acb353e3b78ee43dadb03773f03b649,Houston,US,2026-10-24,24.0,20.1,28.5,53.2,0.0,18.4,2026-10-09 17:49:40.937238
8e22fe50f605088c23ddac1df22b7eb0,Indianapolis,US,2026-10-24,17.5,12.2,23.8,42.8,0.0,19.1,2026-10-09 17:49:40.937238
b773576d08b714b40c23ced4c0da1a12,Jacksonville,US,2026-10-24,23.2,19.6,26.3,65.9,0.3,24.0,2026-10-09 17:49:40.937238
89d929e753ff66cd4f6d81e5f1591211,Kansas City,US,2026-10-24,18.7,14.8,24.1,46.6,0.3,11.0,2026-10-09 17:49:40.937238
560421e40f11031c21064fef01adf8f0,Las Vegas,US,2026-10-24,22.1,19.7,23.8,25.5,0.0,12.8,2026-10-09 17:49:40.937238
7a502b324799c3433aa834475ae78add,London,GB,2026-10-24,8.8,8.8,8.9,68.0,0.0,26.7,2026-10-09 17:49:40.937238
709817a88af297e7c5e3c17f57a12bd6,Long Beach,US,2026-10-24,18.8,18.0,19.5,59.3,0.6,11.3,2026-10-09 17:49:40.937238
2da85cf2dd0cfcaa72361f07f2caed9a,Los Angeles,US,2026-10-24,18.7,17.7,20.2,58.2,0.9,11.4,2026-10-09 17:49:40.937238
00eeb042a3fcffbd0b24bc0c0a86994d,Louisville,US,2026-10-24,18.2,12.8,24.9,39.5,0.0,16.5,2026-10-09 17:49:40.937238
18d8040dd89a2192e2a6284a1d476a2e,Memphis,US,2026-10-24,20.8,15.7,26.1,31.3,0.0,18.8,2026-10-09 17:49:40.937238
8fd947ae315ab6a2d7933c0a163077c1,Mesa,US,2026-10-24,26.8,24.0,30.6,29.3,0.0,19.3,2026-10-09 17:49:40.937238
641f23121d85f69e482c1b2986e570dd,Miami,US,2026-10-24,26.8,26.0,27.8,65.5,1.2,29.4,2026-10-09 17:49:40.937238
a6a907a1fc959a59852138d5539ea979,Milwaukee,US,2026-10-24,16.2,12.2,21.5,63.5,0.7,30.9,2026-10-09 17:49:40.937238
bbb80ec98a5045646bd7b714989257a8,Minneapolis,US,2026-10-24,15.8,13.2,19.0,55.9,0.0,17.2,2026-10-09 17:49:40.937238
f652450486db88c6ca86ef1cf97236eb,Nashville,US,2026-10-24,18.4,12.8,25.0,41.3,0.0,16.6,2026-10-09 17:49:40.937238
46898a0d538d2cb8128fb8f8ba391f8d,New Orleans,US,2026-10-24,23.4,20.0,26.8,68.1,0.0,30.0,2026-10-09 17:49:40.937238
0b1a4dceac5c00865041046e23d6ca2a,New York,US,2026-10-24,14.2,11.4,16.2,53.3,0.0,41.8,2026-10-09 17:49:40.937238
af57a34687a315b4fd7c3827ab9545e1,Oakland,US,2026-10-24,14.3,8.9,20.6,46.6,0.0,10.6,2026-10-09 17:49:40.937238
84aa422d2667292e97c3a1029aa461ec,Oklahoma City,US,2026-10-24,19.5,16.0,24.6,50.5,0.0,19.1,2026-10-09 17:49:40.937238
ccb337c59345b85d280278b80a1251a5,Omaha,US,2026-10-24,16.8,13.4,20.9,65.5,0.4,10.7,2026-10-09 17:49:40.937238
df6458693359dec14fe1aa69edd47915,Philadelphia,US,2026-10-24,15.5,11.0,20.2,55.7,0.0,16.6,2026-10-09 17:49:40.937238
f97fd87cb07288efb9d070f0807d8ed1,Phoenix,US,2026-10-24,27.1,24.4,30.7,29.5,0.0,20.3,2026-10-09 17:49:40.937238
3edd6cbc5a78265bc6a47b71b0c61138,Portland,US,2026-10-24,11.6,6.6,17.8,66.8,0.0,2.5,2026-10-09 17:49:40.937238
3860c0d5b1a53d80de1d389d9690f765,Raleigh,US,2026-10-24,18.0,12.8,24.4,48.8,0.0,23.4,2026-10-09 17:49:40.937238
5e55de4413c18946e09859b8bb722b10,Sacramento,US,2026-10-24,15.4,10.7,20.0,27.9,0.0,9.5,2026-10-09 17:49:40.937238
06089b98c95c5855600c7a010b008a82,San Antonio,US,2026-10-24,22.3,17.6,26.8,66.0,0.0,23.2,2026-10-09 17:49:40.937238
7d3621dbab85e2aa9ce7c23e0c8ebcfb,San Diego,US,2026-10-24,19.1,18.4,19.7,59.8,0.0,14.6,2026-10-09 17:49:40.937238
1f80e437d3685ecee2cb01710d9afda2,San Francisco,US,2026-10-24,15.9,13.1,19.0,48.8,0.0,11.3,2026-10-09 17:49:40.937238
1d166139c43c934b403f842e98cc6a4b,San Jose,US,2026-10-24,15.7,11.3,21.1,41.3,0.0,10.7,2026-10-09 17:49:40.937238
e4049617610c5cf56b3718fb7a3206ed,Sao Paulo,BR,2026-10-24,15.0,13.7,17.1,95.8,37.3,23.3,2026-10-09 17:49:40.937238
1c1fba18b9515edd65e4875c6c005019,Seattle,US,2026-10-24,9.4,6.1,14.3,82.0,0.0,6.7,2026-10-09 17:49:40.937238
52c3c97874868eedbac6f90026b46738,Sydney,AU,2026-10-24,21.1,14.6,27.7,70.6,0.0,26.9,2026-10-09 17:49:40.937238
205c9b80f894a955596d18311130820a,Tampa,US,2026-10-24,23.3,19.2,27.8,71.0,0.0,31.0,2026-10-09 17:49:40.937238
b75e145e22018690233cc21430771b27,Tokyo,JP,2026-10-24,19.0,14.8,21.8,83.3,15.8,13.8,2026-10-09 17:49:40.937238
168d6900189667314c15330e168e0e60,Tucson,US,2026-10-24,25.6,23.0,29.3,28.9,0.0,13.0,2026-10-09 17:49:40.937238
4c59bbe61517df4cf2cd96f252e5f586,Tulsa,US,2026-10-24,20.9,16.5,26.0,39.0,0.0,8.7,2026-10-09 17:49:40.937238
23452c129e699fb7ccdf16cf19264279,Virginia Beach,US,2026-10-24,17.1,14.7,19.7,64.4,0.0,45.4,2026-10-09 17:49:40.937238
01c1a15b3798f9e9c479503c89d67921,Washington,US,2026-10-24,16.9,12.0,22.4,56.8,0.0,24.1,2026-10-09 17:49:40.937238
a7cc229130714720b365ebb3cf289f1b,Sydney,AU,2026-10-25,21.0,16.6,24.1,65.4,4.2,14.8,2026-10-09 17:49:40.937238
237a68048dacfebbfe6decde07d2113d,Tokyo,JP,2026-10-25,21.0,20.5,21.8,77.5,0.0,11.3,2026-10-09 17:49:40.937238
